index	file	func	line
0	/storage/users/sislam3/opt/llvm-22/lib/clang/22/include/__clang_cuda_math.h	_Z24cuda_compute_step_factoriPfS_S_	318
1	tests/benchmarks/rodinia/cfd/euler3d.cu	_Z24cuda_compute_step_factoriPfS_S_	247
2	tests/benchmarks/rodinia/cfd/euler3d.cu	_Z16compute_velocityRfR6float3S1_	209
3	tests/benchmarks/rodinia/cfd/euler3d.cu	_Z16compute_velocityRfR6float3S1_	210
4	tests/benchmarks/rodinia/cfd/euler3d.cu	_Z16compute_velocityRfR6float3S1_	211
5	tests/benchmarks/rodinia/cfd/euler3d.cu	_Z17compute_speed_sqdR6float3	216
6	tests/benchmarks/rodinia/cfd/euler3d.cu	_Z16compute_pressureRfS_S_	221
7	tests/benchmarks/rodinia/cfd/euler3d.cu	_Z22compute_speed_of_soundRfS_	226
8	/storage/users/sislam3/opt/llvm-22/lib/clang/22/include/__clang_cuda_math.h	_Z22compute_speed_of_soundRfS_	318
9	/storage/users/sislam3/opt/llvm-22/lib/clang/22/include/__clang_cuda_math.h	_Z17cuda_compute_fluxiPiPfS0_S0_	318
10	tests/benchmarks/rodinia/cfd/euler3d.cu	_Z17cuda_compute_fluxiPiPfS0_S0_	307
11	tests/benchmarks/rodinia/cfd/euler3d.cu	_Z17cuda_compute_fluxiPiPfS0_S0_	323
12	tests/benchmarks/rodinia/cfd/euler3d.cu	_Z17cuda_compute_fluxiPiPfS0_S0_	324
13	tests/benchmarks/rodinia/cfd/euler3d.cu	_Z17cuda_compute_fluxiPiPfS0_S0_	325
14	tests/benchmarks/rodinia/cfd/euler3d.cu	_Z17cuda_compute_fluxiPiPfS0_S0_	326
15	tests/benchmarks/rodinia/cfd/euler3d.cu	_Z17cuda_compute_fluxiPiPfS0_S0_	327
16	tests/benchmarks/rodinia/cfd/euler3d.cu	_Z17cuda_compute_fluxiPiPfS0_S0_	328
17	tests/benchmarks/rodinia/cfd/euler3d.cu	_Z17cuda_compute_fluxiPiPfS0_S0_	331
18	tests/benchmarks/rodinia/cfd/euler3d.cu	_Z17cuda_compute_fluxiPiPfS0_S0_	332
19	tests/benchmarks/rodinia/cfd/euler3d.cu	_Z17cuda_compute_fluxiPiPfS0_S0_	333
20	tests/benchmarks/rodinia/cfd/euler3d.cu	_Z17cuda_compute_fluxiPiPfS0_S0_	334
21	tests/benchmarks/rodinia/cfd/euler3d.cu	_Z17cuda_compute_fluxiPiPfS0_S0_	335
22	tests/benchmarks/rodinia/cfd/euler3d.cu	_Z17cuda_compute_fluxiPiPfS0_S0_	336
23	tests/benchmarks/rodinia/cfd/euler3d.cu	_Z17cuda_compute_fluxiPiPfS0_S0_	338
24	tests/benchmarks/rodinia/cfd/euler3d.cu	_Z17cuda_compute_fluxiPiPfS0_S0_	339
25	tests/benchmarks/rodinia/cfd/euler3d.cu	_Z17cuda_compute_fluxiPiPfS0_S0_	340
26	tests/benchmarks/rodinia/cfd/euler3d.cu	_Z17cuda_compute_fluxiPiPfS0_S0_	341
27	tests/benchmarks/rodinia/cfd/euler3d.cu	_Z17cuda_compute_fluxiPiPfS0_S0_	342
28	tests/benchmarks/rodinia/cfd/euler3d.cu	_Z17cuda_compute_fluxiPiPfS0_S0_	343
29	tests/benchmarks/rodinia/cfd/euler3d.cu	_Z17cuda_compute_fluxiPiPfS0_S0_	345
30	tests/benchmarks/rodinia/cfd/euler3d.cu	_Z17cuda_compute_fluxiPiPfS0_S0_	346
31	tests/benchmarks/rodinia/cfd/euler3d.cu	_Z17cuda_compute_fluxiPiPfS0_S0_	347
32	tests/benchmarks/rodinia/cfd/euler3d.cu	_Z17cuda_compute_fluxiPiPfS0_S0_	348
33	tests/benchmarks/rodinia/cfd/euler3d.cu	_Z17cuda_compute_fluxiPiPfS0_S0_	349
34	tests/benchmarks/rodinia/cfd/euler3d.cu	_Z17cuda_compute_fluxiPiPfS0_S0_	350
35	tests/benchmarks/rodinia/cfd/euler3d.cu	_Z17cuda_compute_fluxiPiPfS0_S0_	354
36	tests/benchmarks/rodinia/cfd/euler3d.cu	_Z17cuda_compute_fluxiPiPfS0_S0_	355
37	tests/benchmarks/rodinia/cfd/euler3d.cu	_Z17cuda_compute_fluxiPiPfS0_S0_	356
38	tests/benchmarks/rodinia/cfd/euler3d.cu	_Z17cuda_compute_fluxiPiPfS0_S0_	360
39	tests/benchmarks/rodinia/cfd/euler3d.cu	_Z17cuda_compute_fluxiPiPfS0_S0_	361
40	tests/benchmarks/rodinia/cfd/euler3d.cu	_Z17cuda_compute_fluxiPiPfS0_S0_	362
41	tests/benchmarks/rodinia/cfd/euler3d.cu	_Z17cuda_compute_fluxiPiPfS0_S0_	363
42	tests/benchmarks/rodinia/cfd/euler3d.cu	_Z17cuda_compute_fluxiPiPfS0_S0_	364
43	tests/benchmarks/rodinia/cfd/euler3d.cu	_Z17cuda_compute_fluxiPiPfS0_S0_	365
44	tests/benchmarks/rodinia/cfd/euler3d.cu	_Z17cuda_compute_fluxiPiPfS0_S0_	367
45	tests/benchmarks/rodinia/cfd/euler3d.cu	_Z17cuda_compute_fluxiPiPfS0_S0_	368
46	tests/benchmarks/rodinia/cfd/euler3d.cu	_Z17cuda_compute_fluxiPiPfS0_S0_	369
47	tests/benchmarks/rodinia/cfd/euler3d.cu	_Z17cuda_compute_fluxiPiPfS0_S0_	370
48	tests/benchmarks/rodinia/cfd/euler3d.cu	_Z17cuda_compute_fluxiPiPfS0_S0_	371
49	tests/benchmarks/rodinia/cfd/euler3d.cu	_Z17cuda_compute_fluxiPiPfS0_S0_	372
50	tests/benchmarks/rodinia/cfd/euler3d.cu	_Z17cuda_compute_fluxiPiPfS0_S0_	374
51	tests/benchmarks/rodinia/cfd/euler3d.cu	_Z17cuda_compute_fluxiPiPfS0_S0_	375
52	tests/benchmarks/rodinia/cfd/euler3d.cu	_Z17cuda_compute_fluxiPiPfS0_S0_	376
53	tests/benchmarks/rodinia/cfd/euler3d.cu	_Z17cuda_compute_fluxiPiPfS0_S0_	377
54	tests/benchmarks/rodinia/cfd/euler3d.cu	_Z17cuda_compute_fluxiPiPfS0_S0_	378
55	tests/benchmarks/rodinia/cfd/euler3d.cu	_Z17cuda_compute_fluxiPiPfS0_S0_	379
56	tests/benchmarks/rodinia/cfd/euler3d.cu	_Z25compute_flux_contributionRfR6float3S_S_S1_S1_S1_S1_S1_	188
57	tests/benchmarks/rodinia/cfd/euler3d.cu	_Z25compute_flux_contributionRfR6float3S_S_S1_S1_S1_S1_S1_	189
58	tests/benchmarks/rodinia/cfd/euler3d.cu	_Z25compute_flux_contributionRfR6float3S_S_S1_S1_S1_S1_S1_	190
59	tests/benchmarks/rodinia/cfd/euler3d.cu	_Z25compute_flux_contributionRfR6float3S_S_S1_S1_S1_S1_S1_	194
60	tests/benchmarks/rodinia/cfd/euler3d.cu	_Z25compute_flux_contributionRfR6float3S_S_S1_S1_S1_S1_S1_	195
61	tests/benchmarks/rodinia/cfd/euler3d.cu	_Z25compute_flux_contributionRfR6float3S_S_S1_S1_S1_S1_S1_	199
62	tests/benchmarks/rodinia/cfd/euler3d.cu	_Z25compute_flux_contributionRfR6float3S_S_S1_S1_S1_S1_S1_	201
63	tests/benchmarks/rodinia/cfd/euler3d.cu	_Z25compute_flux_contributionRfR6float3S_S_S1_S1_S1_S1_S1_	202
64	tests/benchmarks/rodinia/cfd/euler3d.cu	_Z25compute_flux_contributionRfR6float3S_S_S1_S1_S1_S1_S1_	203
65	tests/benchmarks/rodinia/cfd/euler3d.cu	_Z25compute_flux_contributionRfR6float3S_S_S1_S1_S1_S1_S1_	204
66	tests/benchmarks/rodinia/cfd/euler3d.cu	_Z14cuda_time_stepiiPfS_S_S_	401
67	tests/benchmarks/rodinia/cfd/euler3d.cu	_Z14cuda_time_stepiiPfS_S_S_	403
68	tests/benchmarks/rodinia/cfd/euler3d.cu	_Z14cuda_time_stepiiPfS_S_S_	404
69	tests/benchmarks/rodinia/cfd/euler3d.cu	_Z14cuda_time_stepiiPfS_S_S_	405
70	tests/benchmarks/rodinia/cfd/euler3d.cu	_Z14cuda_time_stepiiPfS_S_S_	406
71	tests/benchmarks/rodinia/cfd/euler3d.cu	_Z14cuda_time_stepiiPfS_S_S_	407
