index	file	func	line	func_pretty	is_kernel	op
0	tests/amd/benchmarks/rodinia/myocyte/kernel_cam.cu	_Z10kernel_camdPdS_iS_iS_id	0	kernel_cam(double, double*, double*, int, double*, int, double*, int, double)	0	fdiv
1	tests/amd/benchmarks/rodinia/myocyte/kernel_cam.cu	_Z10kernel_camdPdS_iS_iS_id	219	kernel_cam(double, double*, double*, int, double*, int, double*, int, double)	0	fdiv
2	tests/amd/benchmarks/rodinia/myocyte/kernel_cam.cu	_Z10kernel_camdPdS_iS_iS_id	220	kernel_cam(double, double*, double*, int, double*, int, double*, int, double)	0	fdiv
3	tests/amd/benchmarks/rodinia/myocyte/kernel_cam.cu	_Z10kernel_camdPdS_iS_iS_id	223	kernel_cam(double, double*, double*, int, double*, int, double*, int, double)	0	fadd
4	tests/amd/benchmarks/rodinia/myocyte/kernel_cam.cu	_Z10kernel_camdPdS_iS_iS_id	224	kernel_cam(double, double*, double*, int, double*, int, double*, int, double)	0	fdiv
5	tests/amd/benchmarks/rodinia/myocyte/kernel_cam.cu	_Z10kernel_camdPdS_iS_iS_id	227	kernel_cam(double, double*, double*, int, double*, int, double*, int, double)	0	fdiv
6	tests/amd/benchmarks/rodinia/myocyte/kernel_cam.cu	_Z10kernel_camdPdS_iS_iS_id	229	kernel_cam(double, double*, double*, int, double*, int, double*, int, double)	0	fdiv
7	/opt/rocm-7.2.4/lib/llvm/lib/clang/22/include/__clang_hip_math.h	_Z10kernel_camdPdS_iS_iS_id	1028	kernel_cam(double, double*, double*, int, double*, int, double*, int, double)	0	fsub
8	tests/amd/benchmarks/rodinia/myocyte/kernel_cam.cu	_Z10kernel_camdPdS_iS_iS_id	276	kernel_cam(double, double*, double*, int, double*, int, double*, int, double)	0	fmul
9	tests/amd/benchmarks/rodinia/myocyte/kernel_cam.cu	_Z10kernel_camdPdS_iS_iS_id	277	kernel_cam(double, double*, double*, int, double*, int, double*, int, double)	0	fmul
10	tests/amd/benchmarks/rodinia/myocyte/kernel_cam.cu	_Z10kernel_camdPdS_iS_iS_id	280	kernel_cam(double, double*, double*, int, double*, int, double*, int, double)	0	fsub
11	tests/amd/benchmarks/rodinia/myocyte/kernel_cam.cu	_Z10kernel_camdPdS_iS_iS_id	281	kernel_cam(double, double*, double*, int, double*, int, double*, int, double)	0	fmul
12	tests/amd/benchmarks/rodinia/myocyte/kernel_cam.cu	_Z10kernel_camdPdS_iS_iS_id	282	kernel_cam(double, double*, double*, int, double*, int, double*, int, double)	0	fmul
13	tests/amd/benchmarks/rodinia/myocyte/kernel_cam.cu	_Z10kernel_camdPdS_iS_iS_id	283	kernel_cam(double, double*, double*, int, double*, int, double*, int, double)	0	fmul
14	tests/amd/benchmarks/rodinia/myocyte/kernel_cam.cu	_Z10kernel_camdPdS_iS_iS_id	284	kernel_cam(double, double*, double*, int, double*, int, double*, int, double)	0	fmul
15	tests/amd/benchmarks/rodinia/myocyte/kernel_cam.cu	_Z10kernel_camdPdS_iS_iS_id	285	kernel_cam(double, double*, double*, int, double*, int, double*, int, double)	0	fmul
16	tests/amd/benchmarks/rodinia/myocyte/kernel_cam.cu	_Z10kernel_camdPdS_iS_iS_id	288	kernel_cam(double, double*, double*, int, double*, int, double*, int, double)	0	fsub
17	tests/amd/benchmarks/rodinia/myocyte/kernel_cam.cu	_Z10kernel_camdPdS_iS_iS_id	289	kernel_cam(double, double*, double*, int, double*, int, double*, int, double)	0	fmul
18	tests/amd/benchmarks/rodinia/myocyte/kernel_cam.cu	_Z10kernel_camdPdS_iS_iS_id	290	kernel_cam(double, double*, double*, int, double*, int, double*, int, double)	0	fmul
19	tests/amd/benchmarks/rodinia/myocyte/kernel_cam.cu	_Z10kernel_camdPdS_iS_iS_id	291	kernel_cam(double, double*, double*, int, double*, int, double*, int, double)	0	fmul
20	tests/amd/benchmarks/rodinia/myocyte/kernel_cam.cu	_Z10kernel_camdPdS_iS_iS_id	292	kernel_cam(double, double*, double*, int, double*, int, double*, int, double)	0	fmul
21	tests/amd/benchmarks/rodinia/myocyte/kernel_cam.cu	_Z10kernel_camdPdS_iS_iS_id	293	kernel_cam(double, double*, double*, int, double*, int, double*, int, double)	0	fmul
22	tests/amd/benchmarks/rodinia/myocyte/kernel_cam.cu	_Z10kernel_camdPdS_iS_iS_id	294	kernel_cam(double, double*, double*, int, double*, int, double*, int, double)	0	fmul
23	tests/amd/benchmarks/rodinia/myocyte/kernel_cam.cu	_Z10kernel_camdPdS_iS_iS_id	297	kernel_cam(double, double*, double*, int, double*, int, double*, int, double)	0	fsub
24	tests/amd/benchmarks/rodinia/myocyte/kernel_cam.cu	_Z10kernel_camdPdS_iS_iS_id	298	kernel_cam(double, double*, double*, int, double*, int, double*, int, double)	0	fmul
25	tests/amd/benchmarks/rodinia/myocyte/kernel_cam.cu	_Z10kernel_camdPdS_iS_iS_id	299	kernel_cam(double, double*, double*, int, double*, int, double*, int, double)	0	fmul
26	tests/amd/benchmarks/rodinia/myocyte/kernel_cam.cu	_Z10kernel_camdPdS_iS_iS_id	300	kernel_cam(double, double*, double*, int, double*, int, double*, int, double)	0	fmul
27	tests/amd/benchmarks/rodinia/myocyte/kernel_cam.cu	_Z10kernel_camdPdS_iS_iS_id	301	kernel_cam(double, double*, double*, int, double*, int, double*, int, double)	0	fadd
28	tests/amd/benchmarks/rodinia/myocyte/kernel_cam.cu	_Z10kernel_camdPdS_iS_iS_id	302	kernel_cam(double, double*, double*, int, double*, int, double*, int, double)	0	fmul
29	tests/amd/benchmarks/rodinia/myocyte/kernel_cam.cu	_Z10kernel_camdPdS_iS_iS_id	303	kernel_cam(double, double*, double*, int, double*, int, double*, int, double)	0	fmul
30	tests/amd/benchmarks/rodinia/myocyte/kernel_cam.cu	_Z10kernel_camdPdS_iS_iS_id	304	kernel_cam(double, double*, double*, int, double*, int, double*, int, double)	0	fmul
31	tests/amd/benchmarks/rodinia/myocyte/kernel_cam.cu	_Z10kernel_camdPdS_iS_iS_id	305	kernel_cam(double, double*, double*, int, double*, int, double*, int, double)	0	fmul
32	tests/amd/benchmarks/rodinia/myocyte/kernel_cam.cu	_Z10kernel_camdPdS_iS_iS_id	306	kernel_cam(double, double*, double*, int, double*, int, double*, int, double)	0	fmul
33	tests/amd/benchmarks/rodinia/myocyte/kernel_cam.cu	_Z10kernel_camdPdS_iS_iS_id	307	kernel_cam(double, double*, double*, int, double*, int, double*, int, double)	0	fmul
34	tests/amd/benchmarks/rodinia/myocyte/kernel_cam.cu	_Z10kernel_camdPdS_iS_iS_id	308	kernel_cam(double, double*, double*, int, double*, int, double*, int, double)	0	fmul
35	tests/amd/benchmarks/rodinia/myocyte/kernel_cam.cu	_Z10kernel_camdPdS_iS_iS_id	311	kernel_cam(double, double*, double*, int, double*, int, double*, int, double)	0	fsub
36	tests/amd/benchmarks/rodinia/myocyte/kernel_cam.cu	_Z10kernel_camdPdS_iS_iS_id	312	kernel_cam(double, double*, double*, int, double*, int, double*, int, double)	0	fsub
37	tests/amd/benchmarks/rodinia/myocyte/kernel_cam.cu	_Z10kernel_camdPdS_iS_iS_id	313	kernel_cam(double, double*, double*, int, double*, int, double*, int, double)	0	fsub
38	tests/amd/benchmarks/rodinia/myocyte/kernel_cam.cu	_Z10kernel_camdPdS_iS_iS_id	314	kernel_cam(double, double*, double*, int, double*, int, double*, int, double)	0	fsub
39	tests/amd/benchmarks/rodinia/myocyte/kernel_cam.cu	_Z10kernel_camdPdS_iS_iS_id	315	kernel_cam(double, double*, double*, int, double*, int, double*, int, double)	0	fadd
40	tests/amd/benchmarks/rodinia/myocyte/kernel_cam.cu	_Z10kernel_camdPdS_iS_iS_id	316	kernel_cam(double, double*, double*, int, double*, int, double*, int, double)	0	fadd
41	tests/amd/benchmarks/rodinia/myocyte/kernel_cam.cu	_Z10kernel_camdPdS_iS_iS_id	319	kernel_cam(double, double*, double*, int, double*, int, double*, int, double)	0	fsub
42	tests/amd/benchmarks/rodinia/myocyte/kernel_cam.cu	_Z10kernel_camdPdS_iS_iS_id	320	kernel_cam(double, double*, double*, int, double*, int, double*, int, double)	0	fadd
43	tests/amd/benchmarks/rodinia/myocyte/kernel_cam.cu	_Z10kernel_camdPdS_iS_iS_id	321	kernel_cam(double, double*, double*, int, double*, int, double*, int, double)	0	fsub
44	tests/amd/benchmarks/rodinia/myocyte/kernel_cam.cu	_Z10kernel_camdPdS_iS_iS_id	322	kernel_cam(double, double*, double*, int, double*, int, double*, int, double)	0	fsub
45	tests/amd/benchmarks/rodinia/myocyte/kernel_cam.cu	_Z10kernel_camdPdS_iS_iS_id	323	kernel_cam(double, double*, double*, int, double*, int, double*, int, double)	0	fadd
46	tests/amd/benchmarks/rodinia/myocyte/kernel_cam.cu	_Z10kernel_camdPdS_iS_iS_id	326	kernel_cam(double, double*, double*, int, double*, int, double*, int, double)	0	fsub
47	tests/amd/benchmarks/rodinia/myocyte/kernel_cam.cu	_Z10kernel_camdPdS_iS_iS_id	327	kernel_cam(double, double*, double*, int, double*, int, double*, int, double)	0	fsub
48	tests/amd/benchmarks/rodinia/myocyte/kernel_cam.cu	_Z10kernel_camdPdS_iS_iS_id	328	kernel_cam(double, double*, double*, int, double*, int, double*, int, double)	0	fadd
49	tests/amd/benchmarks/rodinia/myocyte/kernel_cam.cu	_Z10kernel_camdPdS_iS_iS_id	329	kernel_cam(double, double*, double*, int, double*, int, double*, int, double)	0	fadd
50	tests/amd/benchmarks/rodinia/myocyte/kernel_cam.cu	_Z10kernel_camdPdS_iS_iS_id	349	kernel_cam(double, double*, double*, int, double*, int, double*, int, double)	0	fmul
51	tests/amd/benchmarks/rodinia/myocyte/kernel_ecc.cu	_Z6kerneliPdS_S_S_	583	kernel(int, double*, double*, double*, double*)	1	fdiv
52	/opt/rocm-7.2.4/lib/llvm/lib/clang/22/include/__clang_hip_math.h	_Z6kerneliPdS_S_S_	925	kernel(int, double*, double*, double*, double*)	1	fsub
53	tests/amd/benchmarks/rodinia/myocyte/kernel_ecc.cu	_Z6kerneliPdS_S_S_	584	kernel(int, double*, double*, double*, double*)	1	fdiv
54	tests/amd/benchmarks/rodinia/myocyte/kernel_ecc.cu	_Z6kerneliPdS_S_S_	586	kernel(int, double*, double*, double*, double*)	1	fdiv
55	tests/amd/benchmarks/rodinia/myocyte/kernel_ecc.cu	_Z6kerneliPdS_S_S_	587	kernel(int, double*, double*, double*, double*)	1	fdiv
56	tests/amd/benchmarks/rodinia/myocyte/kernel_ecc.cu	_Z6kerneliPdS_S_S_	682	kernel(int, double*, double*, double*, double*)	1	fadd
57	tests/amd/benchmarks/rodinia/myocyte/kernel_ecc.cu	_Z6kerneliPdS_S_S_	683	kernel(int, double*, double*, double*, double*)	1	fdiv
58	tests/amd/benchmarks/rodinia/myocyte/kernel_ecc.cu	_Z6kerneliPdS_S_S_	686	kernel(int, double*, double*, double*, double*)	1	fadd
59	tests/amd/benchmarks/rodinia/myocyte/kernel_ecc.cu	_Z6kerneliPdS_S_S_	690	kernel(int, double*, double*, double*, double*)	1	fadd
60	tests/amd/benchmarks/rodinia/myocyte/kernel_ecc.cu	_Z6kerneliPdS_S_S_	691	kernel(int, double*, double*, double*, double*)	1	fmul
61	tests/amd/benchmarks/rodinia/myocyte/kernel_ecc.cu	_Z6kerneliPdS_S_S_	692	kernel(int, double*, double*, double*, double*)	1	fmul
62	tests/amd/benchmarks/rodinia/myocyte/kernel_ecc.cu	_Z6kerneliPdS_S_S_	0	kernel(int, double*, double*, double*, double*)	1	fmul
63	/opt/rocm-7.2.4/lib/llvm/lib/clang/22/include/__clang_hip_math.h	_Z6kerneliPdS_S_S_	831	kernel(int, double*, double*, double*, double*)	1	fmul
64	tests/amd/benchmarks/rodinia/myocyte/kernel_ecc.cu	_Z6kerneliPdS_S_S_	695	kernel(int, double*, double*, double*, double*)	1	fsub
65	tests/amd/benchmarks/rodinia/myocyte/kernel_ecc.cu	_Z6kerneliPdS_S_S_	696	kernel(int, double*, double*, double*, double*)	1	fsub
66	tests/amd/benchmarks/rodinia/myocyte/kernel_ecc.cu	_Z6kerneliPdS_S_S_	697	kernel(int, double*, double*, double*, double*)	1	fsub
67	/opt/rocm-7.2.4/lib/llvm/lib/clang/22/include/__clang_hip_math.h	_Z6kerneliPdS_S_S_	1028	kernel(int, double*, double*, double*, double*)	1	fsub
68	tests/amd/benchmarks/rodinia/myocyte/kernel_ecc.cu	_Z6kerneliPdS_S_S_	698	kernel(int, double*, double*, double*, double*)	1	fmul
69	tests/amd/benchmarks/rodinia/myocyte/kernel_ecc.cu	_Z6kerneliPdS_S_S_	699	kernel(int, double*, double*, double*, double*)	1	fmul
70	tests/amd/benchmarks/rodinia/myocyte/kernel_ecc.cu	_Z6kerneliPdS_S_S_	703	kernel(int, double*, double*, double*, double*)	1	fmul
71	tests/amd/benchmarks/rodinia/myocyte/kernel_ecc.cu	_Z6kerneliPdS_S_S_	704	kernel(int, double*, double*, double*, double*)	1	fmul
72	tests/amd/benchmarks/rodinia/myocyte/kernel_ecc.cu	_Z6kerneliPdS_S_S_	709	kernel(int, double*, double*, double*, double*)	1	fmul
73	tests/amd/benchmarks/rodinia/myocyte/kernel_ecc.cu	_Z6kerneliPdS_S_S_	710	kernel(int, double*, double*, double*, double*)	1	fmul
74	tests/amd/benchmarks/rodinia/myocyte/kernel_ecc.cu	_Z6kerneliPdS_S_S_	711	kernel(int, double*, double*, double*, double*)	1	fmul
75	tests/amd/benchmarks/rodinia/myocyte/kernel_ecc.cu	_Z6kerneliPdS_S_S_	716	kernel(int, double*, double*, double*, double*)	1	fadd
76	tests/amd/benchmarks/rodinia/myocyte/kernel_ecc.cu	_Z6kerneliPdS_S_S_	717	kernel(int, double*, double*, double*, double*)	1	fadd
77	tests/amd/benchmarks/rodinia/myocyte/kernel_ecc.cu	_Z6kerneliPdS_S_S_	718	kernel(int, double*, double*, double*, double*)	1	fsub
78	tests/amd/benchmarks/rodinia/myocyte/kernel_ecc.cu	_Z6kerneliPdS_S_S_	728	kernel(int, double*, double*, double*, double*)	1	fadd
79	tests/amd/benchmarks/rodinia/myocyte/kernel_ecc.cu	_Z6kerneliPdS_S_S_	729	kernel(int, double*, double*, double*, double*)	1	fadd
80	tests/amd/benchmarks/rodinia/myocyte/kernel_ecc.cu	_Z6kerneliPdS_S_S_	730	kernel(int, double*, double*, double*, double*)	1	fsub
81	tests/amd/benchmarks/rodinia/myocyte/kernel_ecc.cu	_Z6kerneliPdS_S_S_	742	kernel(int, double*, double*, double*, double*)	1	fadd
82	tests/amd/benchmarks/rodinia/myocyte/kernel_ecc.cu	_Z6kerneliPdS_S_S_	743	kernel(int, double*, double*, double*, double*)	1	fadd
83	tests/amd/benchmarks/rodinia/myocyte/kernel_ecc.cu	_Z6kerneliPdS_S_S_	745	kernel(int, double*, double*, double*, double*)	1	fdiv
84	tests/amd/benchmarks/rodinia/myocyte/kernel_ecc.cu	_Z6kerneliPdS_S_S_	746	kernel(int, double*, double*, double*, double*)	1	fadd
85	tests/amd/benchmarks/rodinia/myocyte/kernel_ecc.cu	_Z6kerneliPdS_S_S_	747	kernel(int, double*, double*, double*, double*)	1	fdiv
86	tests/amd/benchmarks/rodinia/myocyte/kernel_ecc.cu	_Z6kerneliPdS_S_S_	748	kernel(int, double*, double*, double*, double*)	1	fsub
87	tests/amd/benchmarks/rodinia/myocyte/kernel_ecc.cu	_Z6kerneliPdS_S_S_	749	kernel(int, double*, double*, double*, double*)	1	fsub
88	tests/amd/benchmarks/rodinia/myocyte/kernel_ecc.cu	_Z6kerneliPdS_S_S_	750	kernel(int, double*, double*, double*, double*)	1	fsub
89	tests/amd/benchmarks/rodinia/myocyte/kernel_ecc.cu	_Z6kerneliPdS_S_S_	754	kernel(int, double*, double*, double*, double*)	1	fmul
90	tests/amd/benchmarks/rodinia/myocyte/kernel_ecc.cu	_Z6kerneliPdS_S_S_	755	kernel(int, double*, double*, double*, double*)	1	fdiv
91	tests/amd/benchmarks/rodinia/myocyte/kernel_ecc.cu	_Z6kerneliPdS_S_S_	756	kernel(int, double*, double*, double*, double*)	1	fsub
92	tests/amd/benchmarks/rodinia/myocyte/kernel_ecc.cu	_Z6kerneliPdS_S_S_	757	kernel(int, double*, double*, double*, double*)	1	fsub
93	tests/amd/benchmarks/rodinia/myocyte/kernel_ecc.cu	_Z6kerneliPdS_S_S_	774	kernel(int, double*, double*, double*, double*)	1	fadd
94	tests/amd/benchmarks/rodinia/myocyte/kernel_ecc.cu	_Z6kerneliPdS_S_S_	775	kernel(int, double*, double*, double*, double*)	1	fsub
95	tests/amd/benchmarks/rodinia/myocyte/kernel_ecc.cu	_Z6kerneliPdS_S_S_	776	kernel(int, double*, double*, double*, double*)	1	fadd
96	tests/amd/benchmarks/rodinia/myocyte/kernel_ecc.cu	_Z6kerneliPdS_S_S_	777	kernel(int, double*, double*, double*, double*)	1	fmul
97	tests/amd/benchmarks/rodinia/myocyte/kernel_ecc.cu	_Z6kerneliPdS_S_S_	778	kernel(int, double*, double*, double*, double*)	1	fsub
98	tests/amd/benchmarks/rodinia/myocyte/kernel_ecc.cu	_Z6kerneliPdS_S_S_	779	kernel(int, double*, double*, double*, double*)	1	fsub
99	tests/amd/benchmarks/rodinia/myocyte/kernel_ecc.cu	_Z6kerneliPdS_S_S_	780	kernel(int, double*, double*, double*, double*)	1	fmul
100	tests/amd/benchmarks/rodinia/myocyte/kernel_ecc.cu	_Z6kerneliPdS_S_S_	781	kernel(int, double*, double*, double*, double*)	1	fmul
101	tests/amd/benchmarks/rodinia/myocyte/kernel_ecc.cu	_Z6kerneliPdS_S_S_	784	kernel(int, double*, double*, double*, double*)	1	fmul
102	tests/amd/benchmarks/rodinia/myocyte/kernel_ecc.cu	_Z6kerneliPdS_S_S_	785	kernel(int, double*, double*, double*, double*)	1	fmul
103	tests/amd/benchmarks/rodinia/myocyte/kernel_ecc.cu	_Z6kerneliPdS_S_S_	786	kernel(int, double*, double*, double*, double*)	1	fmul
104	tests/amd/benchmarks/rodinia/myocyte/kernel_ecc.cu	_Z6kerneliPdS_S_S_	787	kernel(int, double*, double*, double*, double*)	1	fmul
105	tests/amd/benchmarks/rodinia/myocyte/kernel_ecc.cu	_Z6kerneliPdS_S_S_	788	kernel(int, double*, double*, double*, double*)	1	fmul
106	tests/amd/benchmarks/rodinia/myocyte/kernel_ecc.cu	_Z6kerneliPdS_S_S_	789	kernel(int, double*, double*, double*, double*)	1	fmul
107	tests/amd/benchmarks/rodinia/myocyte/kernel_ecc.cu	_Z6kerneliPdS_S_S_	790	kernel(int, double*, double*, double*, double*)	1	fmul
108	tests/amd/benchmarks/rodinia/myocyte/kernel_ecc.cu	_Z6kerneliPdS_S_S_	791	kernel(int, double*, double*, double*, double*)	1	fadd
109	tests/amd/benchmarks/rodinia/myocyte/kernel_ecc.cu	_Z6kerneliPdS_S_S_	792	kernel(int, double*, double*, double*, double*)	1	fmul
110	tests/amd/benchmarks/rodinia/myocyte/kernel_ecc.cu	_Z6kerneliPdS_S_S_	794	kernel(int, double*, double*, double*, double*)	1	fmul
111	tests/amd/benchmarks/rodinia/myocyte/kernel_ecc.cu	_Z6kerneliPdS_S_S_	795	kernel(int, double*, double*, double*, double*)	1	fmul
112	tests/amd/benchmarks/rodinia/myocyte/kernel_ecc.cu	_Z6kerneliPdS_S_S_	800	kernel(int, double*, double*, double*, double*)	1	fdiv
113	tests/amd/benchmarks/rodinia/myocyte/kernel_ecc.cu	_Z6kerneliPdS_S_S_	801	kernel(int, double*, double*, double*, double*)	1	fdiv
114	tests/amd/benchmarks/rodinia/myocyte/kernel_ecc.cu	_Z6kerneliPdS_S_S_	802	kernel(int, double*, double*, double*, double*)	1	fmul
115	tests/amd/benchmarks/rodinia/myocyte/kernel_ecc.cu	_Z6kerneliPdS_S_S_	803	kernel(int, double*, double*, double*, double*)	1	fmul
116	tests/amd/benchmarks/rodinia/myocyte/kernel_ecc.cu	_Z6kerneliPdS_S_S_	804	kernel(int, double*, double*, double*, double*)	1	fmul
117	tests/amd/benchmarks/rodinia/myocyte/kernel_ecc.cu	_Z6kerneliPdS_S_S_	805	kernel(int, double*, double*, double*, double*)	1	fdiv
118	tests/amd/benchmarks/rodinia/myocyte/kernel_ecc.cu	_Z6kerneliPdS_S_S_	806	kernel(int, double*, double*, double*, double*)	1	fmul
119	tests/amd/benchmarks/rodinia/myocyte/kernel_ecc.cu	_Z6kerneliPdS_S_S_	807	kernel(int, double*, double*, double*, double*)	1	fdiv
120	tests/amd/benchmarks/rodinia/myocyte/kernel_ecc.cu	_Z6kerneliPdS_S_S_	808	kernel(int, double*, double*, double*, double*)	1	fmul
121	tests/amd/benchmarks/rodinia/myocyte/kernel_ecc.cu	_Z6kerneliPdS_S_S_	809	kernel(int, double*, double*, double*, double*)	1	fmul
122	tests/amd/benchmarks/rodinia/myocyte/kernel_ecc.cu	_Z6kerneliPdS_S_S_	810	kernel(int, double*, double*, double*, double*)	1	fadd
123	tests/amd/benchmarks/rodinia/myocyte/kernel_ecc.cu	_Z6kerneliPdS_S_S_	811	kernel(int, double*, double*, double*, double*)	1	fmul
124	/opt/rocm-7.2.4/lib/llvm/lib/clang/22/include/__clang_hip_math.h	_Z6kerneliPdS_S_S_	1025	kernel(int, double*, double*, double*, double*)	1	fsub
125	tests/amd/benchmarks/rodinia/myocyte/kernel_ecc.cu	_Z6kerneliPdS_S_S_	814	kernel(int, double*, double*, double*, double*)	1	fmul
126	tests/amd/benchmarks/rodinia/myocyte/kernel_ecc.cu	_Z6kerneliPdS_S_S_	815	kernel(int, double*, double*, double*, double*)	1	fmul
127	tests/amd/benchmarks/rodinia/myocyte/kernel_ecc.cu	_Z6kerneliPdS_S_S_	816	kernel(int, double*, double*, double*, double*)	1	fadd
128	tests/amd/benchmarks/rodinia/myocyte/kernel_ecc.cu	_Z6kerneliPdS_S_S_	817	kernel(int, double*, double*, double*, double*)	1	fmul
129	tests/amd/benchmarks/rodinia/myocyte/kernel_ecc.cu	_Z6kerneliPdS_S_S_	820	kernel(int, double*, double*, double*, double*)	1	fsub
130	tests/amd/benchmarks/rodinia/myocyte/kernel_ecc.cu	_Z6kerneliPdS_S_S_	821	kernel(int, double*, double*, double*, double*)	1	fsub
131	tests/amd/benchmarks/rodinia/myocyte/kernel_ecc.cu	_Z6kerneliPdS_S_S_	822	kernel(int, double*, double*, double*, double*)	1	fadd
132	tests/amd/benchmarks/rodinia/myocyte/kernel_ecc.cu	_Z6kerneliPdS_S_S_	823	kernel(int, double*, double*, double*, double*)	1	fmul
133	tests/amd/benchmarks/rodinia/myocyte/kernel_ecc.cu	_Z6kerneliPdS_S_S_	828	kernel(int, double*, double*, double*, double*)	1	fdiv
134	tests/amd/benchmarks/rodinia/myocyte/kernel_ecc.cu	_Z6kerneliPdS_S_S_	829	kernel(int, double*, double*, double*, double*)	1	fdiv
135	tests/amd/benchmarks/rodinia/myocyte/kernel_ecc.cu	_Z6kerneliPdS_S_S_	830	kernel(int, double*, double*, double*, double*)	1	fmul
136	tests/amd/benchmarks/rodinia/myocyte/kernel_ecc.cu	_Z6kerneliPdS_S_S_	831	kernel(int, double*, double*, double*, double*)	1	fsub
137	tests/amd/benchmarks/rodinia/myocyte/kernel_ecc.cu	_Z6kerneliPdS_S_S_	832	kernel(int, double*, double*, double*, double*)	1	fmul
138	tests/amd/benchmarks/rodinia/myocyte/kernel_ecc.cu	_Z6kerneliPdS_S_S_	833	kernel(int, double*, double*, double*, double*)	1	fmul
139	tests/amd/benchmarks/rodinia/myocyte/kernel_ecc.cu	_Z6kerneliPdS_S_S_	834	kernel(int, double*, double*, double*, double*)	1	fmul
140	tests/amd/benchmarks/rodinia/myocyte/kernel_ecc.cu	_Z6kerneliPdS_S_S_	835	kernel(int, double*, double*, double*, double*)	1	fmul
141	tests/amd/benchmarks/rodinia/myocyte/kernel_ecc.cu	_Z6kerneliPdS_S_S_	836	kernel(int, double*, double*, double*, double*)	1	fdiv
142	tests/amd/benchmarks/rodinia/myocyte/kernel_ecc.cu	_Z6kerneliPdS_S_S_	837	kernel(int, double*, double*, double*, double*)	1	fadd
143	tests/amd/benchmarks/rodinia/myocyte/kernel_ecc.cu	_Z6kerneliPdS_S_S_	838	kernel(int, double*, double*, double*, double*)	1	fmul
144	tests/amd/benchmarks/rodinia/myocyte/kernel_ecc.cu	_Z6kerneliPdS_S_S_	841	kernel(int, double*, double*, double*, double*)	1	fmul
145	tests/amd/benchmarks/rodinia/myocyte/kernel_ecc.cu	_Z6kerneliPdS_S_S_	842	kernel(int, double*, double*, double*, double*)	1	fmul
146	tests/amd/benchmarks/rodinia/myocyte/kernel_ecc.cu	_Z6kerneliPdS_S_S_	845	kernel(int, double*, double*, double*, double*)	1	fmul
147	tests/amd/benchmarks/rodinia/myocyte/kernel_ecc.cu	_Z6kerneliPdS_S_S_	846	kernel(int, double*, double*, double*, double*)	1	fmul
148	tests/amd/benchmarks/rodinia/myocyte/kernel_ecc.cu	_Z6kerneliPdS_S_S_	847	kernel(int, double*, double*, double*, double*)	1	fmul
149	tests/amd/benchmarks/rodinia/myocyte/kernel_ecc.cu	_Z6kerneliPdS_S_S_	849	kernel(int, double*, double*, double*, double*)	1	fmul
150	tests/amd/benchmarks/rodinia/myocyte/kernel_ecc.cu	_Z6kerneliPdS_S_S_	850	kernel(int, double*, double*, double*, double*)	1	fmul
151	tests/amd/benchmarks/rodinia/myocyte/kernel_ecc.cu	_Z6kerneliPdS_S_S_	851	kernel(int, double*, double*, double*, double*)	1	fmul
152	tests/amd/benchmarks/rodinia/myocyte/kernel_ecc.cu	_Z6kerneliPdS_S_S_	852	kernel(int, double*, double*, double*, double*)	1	fadd
153	tests/amd/benchmarks/rodinia/myocyte/kernel_ecc.cu	_Z6kerneliPdS_S_S_	855	kernel(int, double*, double*, double*, double*)	1	fmul
154	tests/amd/benchmarks/rodinia/myocyte/kernel_ecc.cu	_Z6kerneliPdS_S_S_	856	kernel(int, double*, double*, double*, double*)	1	fmul
155	tests/amd/benchmarks/rodinia/myocyte/kernel_ecc.cu	_Z6kerneliPdS_S_S_	857	kernel(int, double*, double*, double*, double*)	1	fsub
156	tests/amd/benchmarks/rodinia/myocyte/kernel_ecc.cu	_Z6kerneliPdS_S_S_	858	kernel(int, double*, double*, double*, double*)	1	fsub
157	tests/amd/benchmarks/rodinia/myocyte/kernel_ecc.cu	_Z6kerneliPdS_S_S_	859	kernel(int, double*, double*, double*, double*)	1	fadd
158	tests/amd/benchmarks/rodinia/myocyte/kernel_ecc.cu	_Z6kerneliPdS_S_S_	860	kernel(int, double*, double*, double*, double*)	1	fadd
159	tests/amd/benchmarks/rodinia/myocyte/kernel_ecc.cu	_Z6kerneliPdS_S_S_	863	kernel(int, double*, double*, double*, double*)	1	fmul
160	tests/amd/benchmarks/rodinia/myocyte/kernel_ecc.cu	_Z6kerneliPdS_S_S_	865	kernel(int, double*, double*, double*, double*)	1	fmul
161	tests/amd/benchmarks/rodinia/myocyte/kernel_ecc.cu	_Z6kerneliPdS_S_S_	868	kernel(int, double*, double*, double*, double*)	1	fadd
162	tests/amd/benchmarks/rodinia/myocyte/kernel_ecc.cu	_Z6kerneliPdS_S_S_	869	kernel(int, double*, double*, double*, double*)	1	fadd
163	tests/amd/benchmarks/rodinia/myocyte/kernel_ecc.cu	_Z6kerneliPdS_S_S_	870	kernel(int, double*, double*, double*, double*)	1	fmul
164	tests/amd/benchmarks/rodinia/myocyte/kernel_ecc.cu	_Z6kerneliPdS_S_S_	872	kernel(int, double*, double*, double*, double*)	1	fmul
165	tests/amd/benchmarks/rodinia/myocyte/kernel_ecc.cu	_Z6kerneliPdS_S_S_	873	kernel(int, double*, double*, double*, double*)	1	fsub
166	tests/amd/benchmarks/rodinia/myocyte/kernel_ecc.cu	_Z6kerneliPdS_S_S_	880	kernel(int, double*, double*, double*, double*)	1	fadd
167	tests/amd/benchmarks/rodinia/myocyte/kernel_ecc.cu	_Z6kerneliPdS_S_S_	881	kernel(int, double*, double*, double*, double*)	1	fadd
168	tests/amd/benchmarks/rodinia/myocyte/kernel_ecc.cu	_Z6kerneliPdS_S_S_	882	kernel(int, double*, double*, double*, double*)	1	fmul
169	tests/amd/benchmarks/rodinia/myocyte/kernel_ecc.cu	_Z6kerneliPdS_S_S_	883	kernel(int, double*, double*, double*, double*)	1	fsub
170	tests/amd/benchmarks/rodinia/myocyte/kernel_ecc.cu	_Z6kerneliPdS_S_S_	884	kernel(int, double*, double*, double*, double*)	1	fmul
171	tests/amd/benchmarks/rodinia/myocyte/kernel_ecc.cu	_Z6kerneliPdS_S_S_	885	kernel(int, double*, double*, double*, double*)	1	fsub
172	tests/amd/benchmarks/rodinia/myocyte/kernel_ecc.cu	_Z6kerneliPdS_S_S_	886	kernel(int, double*, double*, double*, double*)	1	fsub
173	tests/amd/benchmarks/rodinia/myocyte/kernel_ecc.cu	_Z6kerneliPdS_S_S_	585	kernel(int, double*, double*, double*, double*)	1	fdiv
174	tests/amd/benchmarks/rodinia/myocyte/kernel_ecc.cu	_Z6kerneliPdS_S_S_	720	kernel(int, double*, double*, double*, double*)	1	fsub
175	tests/amd/benchmarks/rodinia/myocyte/kernel_ecc.cu	_Z6kerneliPdS_S_S_	763	kernel(int, double*, double*, double*, double*)	1	fadd
176	tests/amd/benchmarks/rodinia/myocyte/kernel_ecc.cu	_Z6kerneliPdS_S_S_	762	kernel(int, double*, double*, double*, double*)	1	fadd
177	tests/amd/benchmarks/rodinia/myocyte/kernel_ecc.cu	_Z6kerneliPdS_S_S_	736	kernel(int, double*, double*, double*, double*)	1	fdiv
178	tests/amd/benchmarks/rodinia/myocyte/kernel_ecc.cu	_Z6kerneliPdS_S_S_	727	kernel(int, double*, double*, double*, double*)	1	fmul
179	/opt/rocm-7.2.4/lib/llvm/lib/clang/22/include/__clang_hip_math.h	_Z6kerneliPdS_S_S_	928	kernel(int, double*, double*, double*, double*)	1	fsub
180	tests/amd/benchmarks/rodinia/myocyte/kernel_ecc.cu	_Z6kerneliPdS_S_S_	724	kernel(int, double*, double*, double*, double*)	1	fsub
181	tests/amd/benchmarks/rodinia/myocyte/kernel_ecc.cu	_Z6kerneliPdS_S_S_	726	kernel(int, double*, double*, double*, double*)	1	fadd
182	tests/amd/benchmarks/rodinia/myocyte/kernel_ecc.cu	_Z6kerneliPdS_S_S_	723	kernel(int, double*, double*, double*, double*)	1	fsub
183	tests/amd/benchmarks/rodinia/myocyte/kernel_ecc.cu	_Z6kerneliPdS_S_S_	725	kernel(int, double*, double*, double*, double*)	1	fadd
184	tests/amd/benchmarks/rodinia/myocyte/kernel_ecc.cu	_Z6kerneliPdS_S_S_	719	kernel(int, double*, double*, double*, double*)	1	fadd
185	tests/amd/benchmarks/rodinia/myocyte/kernel_ecc.cu	_Z6kerneliPdS_S_S_	751	kernel(int, double*, double*, double*, double*)	1	fmul
186	tests/amd/benchmarks/rodinia/myocyte/kernel_ecc.cu	_Z6kerneliPdS_S_S_	758	kernel(int, double*, double*, double*, double*)	1	fmul
187	tests/amd/benchmarks/rodinia/myocyte/kernel_ecc.cu	_Z6kerneliPdS_S_S_	759	kernel(int, double*, double*, double*, double*)	1	fadd
188	tests/amd/benchmarks/rodinia/myocyte/kernel_ecc.cu	_Z6kerneliPdS_S_S_	876	kernel(int, double*, double*, double*, double*)	1	fadd
189	tests/amd/benchmarks/rodinia/myocyte/kernel_ecc.cu	_Z6kerneliPdS_S_S_	731	kernel(int, double*, double*, double*, double*)	1	fmul
190	tests/amd/benchmarks/rodinia/myocyte/kernel_ecc.cu	_Z6kerneliPdS_S_S_	732	kernel(int, double*, double*, double*, double*)	1	fmul
191	tests/amd/benchmarks/rodinia/myocyte/kernel_ecc.cu	_Z6kerneliPdS_S_S_	733	kernel(int, double*, double*, double*, double*)	1	fadd
192	tests/amd/benchmarks/rodinia/myocyte/kernel_ecc.cu	_Z6kerneliPdS_S_S_	764	kernel(int, double*, double*, double*, double*)	1	fadd
193	tests/amd/benchmarks/rodinia/myocyte/kernel_ecc.cu	_Z6kerneliPdS_S_S_	765	kernel(int, double*, double*, double*, double*)	1	fmul
194	tests/amd/benchmarks/rodinia/myocyte/kernel_ecc.cu	_Z6kerneliPdS_S_S_	712	kernel(int, double*, double*, double*, double*)	1	fadd
195	tests/amd/benchmarks/rodinia/myocyte/kernel_ecc.cu	_Z6kerneliPdS_S_S_	793	kernel(int, double*, double*, double*, double*)	1	fmul
196	tests/amd/benchmarks/rodinia/myocyte/kernel_ecc.cu	_Z6kerneliPdS_S_S_	737	kernel(int, double*, double*, double*, double*)	1	fmul
197	tests/amd/benchmarks/rodinia/myocyte/kernel_ecc.cu	_Z6kerneliPdS_S_S_	738	kernel(int, double*, double*, double*, double*)	1	fmul
198	tests/amd/benchmarks/rodinia/myocyte/kernel_ecc.cu	_Z6kerneliPdS_S_S_	739	kernel(int, double*, double*, double*, double*)	1	fadd
199	tests/amd/benchmarks/rodinia/myocyte/kernel_ecc.cu	_Z6kerneliPdS_S_S_	768	kernel(int, double*, double*, double*, double*)	1	fadd
200	tests/amd/benchmarks/rodinia/myocyte/kernel_ecc.cu	_Z6kerneliPdS_S_S_	771	kernel(int, double*, double*, double*, double*)	1	fmul
201	tests/amd/benchmarks/rodinia/myocyte/kernel_ecc.cu	_Z6kerneliPdS_S_S_	769	kernel(int, double*, double*, double*, double*)	1	fdiv
202	tests/amd/benchmarks/rodinia/myocyte/kernel_ecc.cu	_Z6kerneliPdS_S_S_	770	kernel(int, double*, double*, double*, double*)	1	fadd
203	tests/amd/benchmarks/rodinia/myocyte/kernel_ecc.cu	_Z6kerneliPdS_S_S_	921	kernel(int, double*, double*, double*, double*)	1	fadd
204	tests/amd/benchmarks/rodinia/myocyte/kernel_ecc.cu	_Z6kerneliPdS_S_S_	922	kernel(int, double*, double*, double*, double*)	1	fadd
205	tests/amd/benchmarks/rodinia/myocyte/kernel_ecc.cu	_Z6kerneliPdS_S_S_	923	kernel(int, double*, double*, double*, double*)	1	fadd
206	tests/amd/benchmarks/rodinia/myocyte/kernel_ecc.cu	_Z6kerneliPdS_S_S_	924	kernel(int, double*, double*, double*, double*)	1	fadd
207	tests/amd/benchmarks/rodinia/myocyte/kernel_ecc.cu	_Z6kerneliPdS_S_S_	925	kernel(int, double*, double*, double*, double*)	1	fsub
208	tests/amd/benchmarks/rodinia/myocyte/kernel.cu	_Z6kerneliPdS_S_S_	72	kernel(int, double*, double*, double*, double*)	1	fmul
209	tests/amd/benchmarks/rodinia/myocyte/kernel.cu	_Z6kerneliPdS_S_S_	88	kernel(int, double*, double*, double*, double*)	1	fmul
210	tests/amd/benchmarks/rodinia/myocyte/kernel.cu	_Z6kerneliPdS_S_S_	104	kernel(int, double*, double*, double*, double*)	1	fmul
211	tests/amd/benchmarks/rodinia/myocyte/kernel_cam_2.cu	_Z12kernel_cam_2dPdS_iS_iS_id	0	kernel_cam_2(double, double*, double*, int, double*, int, double*, int, double)	0	fdiv
212	tests/amd/benchmarks/rodinia/myocyte/kernel_cam_2.cu	_Z12kernel_cam_2dPdS_iS_iS_id	219	kernel_cam_2(double, double*, double*, int, double*, int, double*, int, double)	0	fdiv
213	tests/amd/benchmarks/rodinia/myocyte/kernel_cam_2.cu	_Z12kernel_cam_2dPdS_iS_iS_id	220	kernel_cam_2(double, double*, double*, int, double*, int, double*, int, double)	0	fdiv
214	tests/amd/benchmarks/rodinia/myocyte/kernel_cam_2.cu	_Z12kernel_cam_2dPdS_iS_iS_id	223	kernel_cam_2(double, double*, double*, int, double*, int, double*, int, double)	0	fadd
215	tests/amd/benchmarks/rodinia/myocyte/kernel_cam_2.cu	_Z12kernel_cam_2dPdS_iS_iS_id	224	kernel_cam_2(double, double*, double*, int, double*, int, double*, int, double)	0	fdiv
216	tests/amd/benchmarks/rodinia/myocyte/kernel_cam_2.cu	_Z12kernel_cam_2dPdS_iS_iS_id	227	kernel_cam_2(double, double*, double*, int, double*, int, double*, int, double)	0	fdiv
217	tests/amd/benchmarks/rodinia/myocyte/kernel_cam_2.cu	_Z12kernel_cam_2dPdS_iS_iS_id	229	kernel_cam_2(double, double*, double*, int, double*, int, double*, int, double)	0	fdiv
218	/opt/rocm-7.2.4/lib/llvm/lib/clang/22/include/__clang_hip_math.h	_Z12kernel_cam_2dPdS_iS_iS_id	1028	kernel_cam_2(double, double*, double*, int, double*, int, double*, int, double)	0	fsub
219	tests/amd/benchmarks/rodinia/myocyte/kernel_cam_2.cu	_Z12kernel_cam_2dPdS_iS_iS_id	276	kernel_cam_2(double, double*, double*, int, double*, int, double*, int, double)	0	fmul
220	tests/amd/benchmarks/rodinia/myocyte/kernel_cam_2.cu	_Z12kernel_cam_2dPdS_iS_iS_id	277	kernel_cam_2(double, double*, double*, int, double*, int, double*, int, double)	0	fmul
221	tests/amd/benchmarks/rodinia/myocyte/kernel_cam_2.cu	_Z12kernel_cam_2dPdS_iS_iS_id	280	kernel_cam_2(double, double*, double*, int, double*, int, double*, int, double)	0	fsub
222	tests/amd/benchmarks/rodinia/myocyte/kernel_cam_2.cu	_Z12kernel_cam_2dPdS_iS_iS_id	281	kernel_cam_2(double, double*, double*, int, double*, int, double*, int, double)	0	fmul
223	tests/amd/benchmarks/rodinia/myocyte/kernel_cam_2.cu	_Z12kernel_cam_2dPdS_iS_iS_id	282	kernel_cam_2(double, double*, double*, int, double*, int, double*, int, double)	0	fmul
224	tests/amd/benchmarks/rodinia/myocyte/kernel_cam_2.cu	_Z12kernel_cam_2dPdS_iS_iS_id	283	kernel_cam_2(double, double*, double*, int, double*, int, double*, int, double)	0	fmul
225	tests/amd/benchmarks/rodinia/myocyte/kernel_cam_2.cu	_Z12kernel_cam_2dPdS_iS_iS_id	284	kernel_cam_2(double, double*, double*, int, double*, int, double*, int, double)	0	fmul
226	tests/amd/benchmarks/rodinia/myocyte/kernel_cam_2.cu	_Z12kernel_cam_2dPdS_iS_iS_id	285	kernel_cam_2(double, double*, double*, int, double*, int, double*, int, double)	0	fmul
227	tests/amd/benchmarks/rodinia/myocyte/kernel_cam_2.cu	_Z12kernel_cam_2dPdS_iS_iS_id	288	kernel_cam_2(double, double*, double*, int, double*, int, double*, int, double)	0	fsub
228	tests/amd/benchmarks/rodinia/myocyte/kernel_cam_2.cu	_Z12kernel_cam_2dPdS_iS_iS_id	289	kernel_cam_2(double, double*, double*, int, double*, int, double*, int, double)	0	fmul
229	tests/amd/benchmarks/rodinia/myocyte/kernel_cam_2.cu	_Z12kernel_cam_2dPdS_iS_iS_id	290	kernel_cam_2(double, double*, double*, int, double*, int, double*, int, double)	0	fmul
230	tests/amd/benchmarks/rodinia/myocyte/kernel_cam_2.cu	_Z12kernel_cam_2dPdS_iS_iS_id	291	kernel_cam_2(double, double*, double*, int, double*, int, double*, int, double)	0	fmul
231	tests/amd/benchmarks/rodinia/myocyte/kernel_cam_2.cu	_Z12kernel_cam_2dPdS_iS_iS_id	292	kernel_cam_2(double, double*, double*, int, double*, int, double*, int, double)	0	fmul
232	tests/amd/benchmarks/rodinia/myocyte/kernel_cam_2.cu	_Z12kernel_cam_2dPdS_iS_iS_id	293	kernel_cam_2(double, double*, double*, int, double*, int, double*, int, double)	0	fmul
233	tests/amd/benchmarks/rodinia/myocyte/kernel_cam_2.cu	_Z12kernel_cam_2dPdS_iS_iS_id	294	kernel_cam_2(double, double*, double*, int, double*, int, double*, int, double)	0	fmul
234	tests/amd/benchmarks/rodinia/myocyte/kernel_cam_2.cu	_Z12kernel_cam_2dPdS_iS_iS_id	297	kernel_cam_2(double, double*, double*, int, double*, int, double*, int, double)	0	fsub
235	tests/amd/benchmarks/rodinia/myocyte/kernel_cam_2.cu	_Z12kernel_cam_2dPdS_iS_iS_id	298	kernel_cam_2(double, double*, double*, int, double*, int, double*, int, double)	0	fmul
236	tests/amd/benchmarks/rodinia/myocyte/kernel_cam_2.cu	_Z12kernel_cam_2dPdS_iS_iS_id	299	kernel_cam_2(double, double*, double*, int, double*, int, double*, int, double)	0	fmul
237	tests/amd/benchmarks/rodinia/myocyte/kernel_cam_2.cu	_Z12kernel_cam_2dPdS_iS_iS_id	300	kernel_cam_2(double, double*, double*, int, double*, int, double*, int, double)	0	fmul
238	tests/amd/benchmarks/rodinia/myocyte/kernel_cam_2.cu	_Z12kernel_cam_2dPdS_iS_iS_id	301	kernel_cam_2(double, double*, double*, int, double*, int, double*, int, double)	0	fadd
239	tests/amd/benchmarks/rodinia/myocyte/kernel_cam_2.cu	_Z12kernel_cam_2dPdS_iS_iS_id	302	kernel_cam_2(double, double*, double*, int, double*, int, double*, int, double)	0	fmul
240	tests/amd/benchmarks/rodinia/myocyte/kernel_cam_2.cu	_Z12kernel_cam_2dPdS_iS_iS_id	303	kernel_cam_2(double, double*, double*, int, double*, int, double*, int, double)	0	fmul
241	tests/amd/benchmarks/rodinia/myocyte/kernel_cam_2.cu	_Z12kernel_cam_2dPdS_iS_iS_id	304	kernel_cam_2(double, double*, double*, int, double*, int, double*, int, double)	0	fmul
242	tests/amd/benchmarks/rodinia/myocyte/kernel_cam_2.cu	_Z12kernel_cam_2dPdS_iS_iS_id	305	kernel_cam_2(double, double*, double*, int, double*, int, double*, int, double)	0	fmul
243	tests/amd/benchmarks/rodinia/myocyte/kernel_cam_2.cu	_Z12kernel_cam_2dPdS_iS_iS_id	306	kernel_cam_2(double, double*, double*, int, double*, int, double*, int, double)	0	fmul
244	tests/amd/benchmarks/rodinia/myocyte/kernel_cam_2.cu	_Z12kernel_cam_2dPdS_iS_iS_id	307	kernel_cam_2(double, double*, double*, int, double*, int, double*, int, double)	0	fmul
245	tests/amd/benchmarks/rodinia/myocyte/kernel_cam_2.cu	_Z12kernel_cam_2dPdS_iS_iS_id	308	kernel_cam_2(double, double*, double*, int, double*, int, double*, int, double)	0	fmul
246	tests/amd/benchmarks/rodinia/myocyte/kernel_cam_2.cu	_Z12kernel_cam_2dPdS_iS_iS_id	311	kernel_cam_2(double, double*, double*, int, double*, int, double*, int, double)	0	fsub
247	tests/amd/benchmarks/rodinia/myocyte/kernel_cam_2.cu	_Z12kernel_cam_2dPdS_iS_iS_id	312	kernel_cam_2(double, double*, double*, int, double*, int, double*, int, double)	0	fsub
248	tests/amd/benchmarks/rodinia/myocyte/kernel_cam_2.cu	_Z12kernel_cam_2dPdS_iS_iS_id	313	kernel_cam_2(double, double*, double*, int, double*, int, double*, int, double)	0	fsub
249	tests/amd/benchmarks/rodinia/myocyte/kernel_cam_2.cu	_Z12kernel_cam_2dPdS_iS_iS_id	314	kernel_cam_2(double, double*, double*, int, double*, int, double*, int, double)	0	fsub
250	tests/amd/benchmarks/rodinia/myocyte/kernel_cam_2.cu	_Z12kernel_cam_2dPdS_iS_iS_id	315	kernel_cam_2(double, double*, double*, int, double*, int, double*, int, double)	0	fadd
251	tests/amd/benchmarks/rodinia/myocyte/kernel_cam_2.cu	_Z12kernel_cam_2dPdS_iS_iS_id	316	kernel_cam_2(double, double*, double*, int, double*, int, double*, int, double)	0	fadd
252	tests/amd/benchmarks/rodinia/myocyte/kernel_cam_2.cu	_Z12kernel_cam_2dPdS_iS_iS_id	319	kernel_cam_2(double, double*, double*, int, double*, int, double*, int, double)	0	fsub
253	tests/amd/benchmarks/rodinia/myocyte/kernel_cam_2.cu	_Z12kernel_cam_2dPdS_iS_iS_id	320	kernel_cam_2(double, double*, double*, int, double*, int, double*, int, double)	0	fadd
254	tests/amd/benchmarks/rodinia/myocyte/kernel_cam_2.cu	_Z12kernel_cam_2dPdS_iS_iS_id	321	kernel_cam_2(double, double*, double*, int, double*, int, double*, int, double)	0	fsub
255	tests/amd/benchmarks/rodinia/myocyte/kernel_cam_2.cu	_Z12kernel_cam_2dPdS_iS_iS_id	322	kernel_cam_2(double, double*, double*, int, double*, int, double*, int, double)	0	fsub
256	tests/amd/benchmarks/rodinia/myocyte/kernel_cam_2.cu	_Z12kernel_cam_2dPdS_iS_iS_id	323	kernel_cam_2(double, double*, double*, int, double*, int, double*, int, double)	0	fadd
257	tests/amd/benchmarks/rodinia/myocyte/kernel_cam_2.cu	_Z12kernel_cam_2dPdS_iS_iS_id	326	kernel_cam_2(double, double*, double*, int, double*, int, double*, int, double)	0	fsub
258	tests/amd/benchmarks/rodinia/myocyte/kernel_cam_2.cu	_Z12kernel_cam_2dPdS_iS_iS_id	327	kernel_cam_2(double, double*, double*, int, double*, int, double*, int, double)	0	fsub
259	tests/amd/benchmarks/rodinia/myocyte/kernel_cam_2.cu	_Z12kernel_cam_2dPdS_iS_iS_id	328	kernel_cam_2(double, double*, double*, int, double*, int, double*, int, double)	0	fadd
260	tests/amd/benchmarks/rodinia/myocyte/kernel_cam_2.cu	_Z12kernel_cam_2dPdS_iS_iS_id	329	kernel_cam_2(double, double*, double*, int, double*, int, double*, int, double)	0	fadd
261	tests/amd/benchmarks/rodinia/myocyte/kernel_cam_2.cu	_Z12kernel_cam_2dPdS_iS_iS_id	349	kernel_cam_2(double, double*, double*, int, double*, int, double*, int, double)	0	fmul
262	tests/amd/benchmarks/rodinia/myocyte/solver_2.cu	_Z8solver_2iiPdS_S_S_S_S_S_S_S_	97	solver_2(int, int, double*, double*, double*, double*, double*, double*, double*, double*, double*)	1	fdiv
263	tests/amd/benchmarks/rodinia/myocyte/embedded_fehlberg_7_8_2.cu	_Z8solver_2iiPdS_S_S_S_S_S_S_S_	176	solver_2(int, int, double*, double*, double*, double*, double*, double*, double*, double*, double*)	1	fmul
264	<unknown>	_Z8solver_2iiPdS_S_S_S_S_S_S_S_	-1	solver_2(int, int, double*, double*, double*, double*, double*, double*, double*, double*, double*)	1	fadd
265	tests/amd/benchmarks/rodinia/myocyte/embedded_fehlberg_7_8_2.cu	_Z8solver_2iiPdS_S_S_S_S_S_S_S_	209	solver_2(int, int, double*, double*, double*, double*, double*, double*, double*, double*, double*)	1	fmul
266	tests/amd/benchmarks/rodinia/myocyte/embedded_fehlberg_7_8_2.cu	_Z8solver_2iiPdS_S_S_S_S_S_S_S_	222	solver_2(int, int, double*, double*, double*, double*, double*, double*, double*, double*, double*)	1	fmul
267	tests/amd/benchmarks/rodinia/myocyte/embedded_fehlberg_7_8_2.cu	_Z8solver_2iiPdS_S_S_S_S_S_S_S_	235	solver_2(int, int, double*, double*, double*, double*, double*, double*, double*, double*, double*)	1	fmul
268	tests/amd/benchmarks/rodinia/myocyte/embedded_fehlberg_7_8_2.cu	_Z8solver_2iiPdS_S_S_S_S_S_S_S_	248	solver_2(int, int, double*, double*, double*, double*, double*, double*, double*, double*, double*)	1	fmul
269	tests/amd/benchmarks/rodinia/myocyte/embedded_fehlberg_7_8_2.cu	_Z8solver_2iiPdS_S_S_S_S_S_S_S_	261	solver_2(int, int, double*, double*, double*, double*, double*, double*, double*, double*, double*)	1	fmul
270	tests/amd/benchmarks/rodinia/myocyte/embedded_fehlberg_7_8_2.cu	_Z8solver_2iiPdS_S_S_S_S_S_S_S_	274	solver_2(int, int, double*, double*, double*, double*, double*, double*, double*, double*, double*)	1	fmul
271	tests/amd/benchmarks/rodinia/myocyte/embedded_fehlberg_7_8_2.cu	_Z8solver_2iiPdS_S_S_S_S_S_S_S_	287	solver_2(int, int, double*, double*, double*, double*, double*, double*, double*, double*, double*)	1	fmul
272	tests/amd/benchmarks/rodinia/myocyte/embedded_fehlberg_7_8_2.cu	_Z8solver_2iiPdS_S_S_S_S_S_S_S_	300	solver_2(int, int, double*, double*, double*, double*, double*, double*, double*, double*, double*)	1	fmul
273	tests/amd/benchmarks/rodinia/myocyte/embedded_fehlberg_7_8_2.cu	_Z8solver_2iiPdS_S_S_S_S_S_S_S_	313	solver_2(int, int, double*, double*, double*, double*, double*, double*, double*, double*, double*)	1	fmul
274	tests/amd/benchmarks/rodinia/myocyte/embedded_fehlberg_7_8_2.cu	_Z8solver_2iiPdS_S_S_S_S_S_S_S_	326	solver_2(int, int, double*, double*, double*, double*, double*, double*, double*, double*, double*)	1	fmul
275	tests/amd/benchmarks/rodinia/myocyte/embedded_fehlberg_7_8_2.cu	_Z8solver_2iiPdS_S_S_S_S_S_S_S_	339	solver_2(int, int, double*, double*, double*, double*, double*, double*, double*, double*, double*)	1	fmul
276	tests/amd/benchmarks/rodinia/myocyte/embedded_fehlberg_7_8_2.cu	_Z8solver_2iiPdS_S_S_S_S_S_S_S_	352	solver_2(int, int, double*, double*, double*, double*, double*, double*, double*, double*, double*)	1	fmul
277	tests/amd/benchmarks/rodinia/myocyte/kernel_ecc_2.cu	_Z8solver_2iiPdS_S_S_S_S_S_S_S_	583	solver_2(int, int, double*, double*, double*, double*, double*, double*, double*, double*, double*)	1	fdiv
278	/opt/rocm-7.2.4/lib/llvm/lib/clang/22/include/__clang_hip_math.h	_Z8solver_2iiPdS_S_S_S_S_S_S_S_	925	solver_2(int, int, double*, double*, double*, double*, double*, double*, double*, double*, double*)	1	fsub
279	tests/amd/benchmarks/rodinia/myocyte/kernel_ecc_2.cu	_Z8solver_2iiPdS_S_S_S_S_S_S_S_	584	solver_2(int, int, double*, double*, double*, double*, double*, double*, double*, double*, double*)	1	fdiv
280	tests/amd/benchmarks/rodinia/myocyte/kernel_ecc_2.cu	_Z8solver_2iiPdS_S_S_S_S_S_S_S_	586	solver_2(int, int, double*, double*, double*, double*, double*, double*, double*, double*, double*)	1	fdiv
281	tests/amd/benchmarks/rodinia/myocyte/kernel_ecc_2.cu	_Z8solver_2iiPdS_S_S_S_S_S_S_S_	587	solver_2(int, int, double*, double*, double*, double*, double*, double*, double*, double*, double*)	1	fdiv
282	tests/amd/benchmarks/rodinia/myocyte/kernel_ecc_2.cu	_Z8solver_2iiPdS_S_S_S_S_S_S_S_	682	solver_2(int, int, double*, double*, double*, double*, double*, double*, double*, double*, double*)	1	fadd
283	tests/amd/benchmarks/rodinia/myocyte/kernel_ecc_2.cu	_Z8solver_2iiPdS_S_S_S_S_S_S_S_	683	solver_2(int, int, double*, double*, double*, double*, double*, double*, double*, double*, double*)	1	fdiv
284	tests/amd/benchmarks/rodinia/myocyte/kernel_ecc_2.cu	_Z8solver_2iiPdS_S_S_S_S_S_S_S_	686	solver_2(int, int, double*, double*, double*, double*, double*, double*, double*, double*, double*)	1	fadd
285	tests/amd/benchmarks/rodinia/myocyte/kernel_ecc_2.cu	_Z8solver_2iiPdS_S_S_S_S_S_S_S_	690	solver_2(int, int, double*, double*, double*, double*, double*, double*, double*, double*, double*)	1	fadd
286	tests/amd/benchmarks/rodinia/myocyte/kernel_ecc_2.cu	_Z8solver_2iiPdS_S_S_S_S_S_S_S_	691	solver_2(int, int, double*, double*, double*, double*, double*, double*, double*, double*, double*)	1	fmul
287	tests/amd/benchmarks/rodinia/myocyte/kernel_ecc_2.cu	_Z8solver_2iiPdS_S_S_S_S_S_S_S_	692	solver_2(int, int, double*, double*, double*, double*, double*, double*, double*, double*, double*)	1	fmul
288	tests/amd/benchmarks/rodinia/myocyte/kernel_ecc_2.cu	_Z8solver_2iiPdS_S_S_S_S_S_S_S_	0	solver_2(int, int, double*, double*, double*, double*, double*, double*, double*, double*, double*)	1	fmul
289	/opt/rocm-7.2.4/lib/llvm/lib/clang/22/include/__clang_hip_math.h	_Z8solver_2iiPdS_S_S_S_S_S_S_S_	831	solver_2(int, int, double*, double*, double*, double*, double*, double*, double*, double*, double*)	1	fmul
290	tests/amd/benchmarks/rodinia/myocyte/kernel_ecc_2.cu	_Z8solver_2iiPdS_S_S_S_S_S_S_S_	695	solver_2(int, int, double*, double*, double*, double*, double*, double*, double*, double*, double*)	1	fsub
291	tests/amd/benchmarks/rodinia/myocyte/kernel_ecc_2.cu	_Z8solver_2iiPdS_S_S_S_S_S_S_S_	696	solver_2(int, int, double*, double*, double*, double*, double*, double*, double*, double*, double*)	1	fsub
292	tests/amd/benchmarks/rodinia/myocyte/kernel_ecc_2.cu	_Z8solver_2iiPdS_S_S_S_S_S_S_S_	697	solver_2(int, int, double*, double*, double*, double*, double*, double*, double*, double*, double*)	1	fsub
293	/opt/rocm-7.2.4/lib/llvm/lib/clang/22/include/__clang_hip_math.h	_Z8solver_2iiPdS_S_S_S_S_S_S_S_	1028	solver_2(int, int, double*, double*, double*, double*, double*, double*, double*, double*, double*)	1	fsub
294	tests/amd/benchmarks/rodinia/myocyte/kernel_ecc_2.cu	_Z8solver_2iiPdS_S_S_S_S_S_S_S_	698	solver_2(int, int, double*, double*, double*, double*, double*, double*, double*, double*, double*)	1	fmul
295	tests/amd/benchmarks/rodinia/myocyte/kernel_ecc_2.cu	_Z8solver_2iiPdS_S_S_S_S_S_S_S_	699	solver_2(int, int, double*, double*, double*, double*, double*, double*, double*, double*, double*)	1	fmul
296	tests/amd/benchmarks/rodinia/myocyte/kernel_ecc_2.cu	_Z8solver_2iiPdS_S_S_S_S_S_S_S_	703	solver_2(int, int, double*, double*, double*, double*, double*, double*, double*, double*, double*)	1	fmul
297	tests/amd/benchmarks/rodinia/myocyte/kernel_ecc_2.cu	_Z8solver_2iiPdS_S_S_S_S_S_S_S_	704	solver_2(int, int, double*, double*, double*, double*, double*, double*, double*, double*, double*)	1	fmul
298	tests/amd/benchmarks/rodinia/myocyte/kernel_ecc_2.cu	_Z8solver_2iiPdS_S_S_S_S_S_S_S_	709	solver_2(int, int, double*, double*, double*, double*, double*, double*, double*, double*, double*)	1	fmul
299	tests/amd/benchmarks/rodinia/myocyte/kernel_ecc_2.cu	_Z8solver_2iiPdS_S_S_S_S_S_S_S_	710	solver_2(int, int, double*, double*, double*, double*, double*, double*, double*, double*, double*)	1	fmul
300	tests/amd/benchmarks/rodinia/myocyte/kernel_ecc_2.cu	_Z8solver_2iiPdS_S_S_S_S_S_S_S_	711	solver_2(int, int, double*, double*, double*, double*, double*, double*, double*, double*, double*)	1	fmul
301	tests/amd/benchmarks/rodinia/myocyte/kernel_ecc_2.cu	_Z8solver_2iiPdS_S_S_S_S_S_S_S_	716	solver_2(int, int, double*, double*, double*, double*, double*, double*, double*, double*, double*)	1	fadd
302	tests/amd/benchmarks/rodinia/myocyte/kernel_ecc_2.cu	_Z8solver_2iiPdS_S_S_S_S_S_S_S_	717	solver_2(int, int, double*, double*, double*, double*, double*, double*, double*, double*, double*)	1	fadd
303	tests/amd/benchmarks/rodinia/myocyte/kernel_ecc_2.cu	_Z8solver_2iiPdS_S_S_S_S_S_S_S_	718	solver_2(int, int, double*, double*, double*, double*, double*, double*, double*, double*, double*)	1	fsub
304	tests/amd/benchmarks/rodinia/myocyte/kernel_ecc_2.cu	_Z8solver_2iiPdS_S_S_S_S_S_S_S_	728	solver_2(int, int, double*, double*, double*, double*, double*, double*, double*, double*, double*)	1	fadd
305	tests/amd/benchmarks/rodinia/myocyte/kernel_ecc_2.cu	_Z8solver_2iiPdS_S_S_S_S_S_S_S_	729	solver_2(int, int, double*, double*, double*, double*, double*, double*, double*, double*, double*)	1	fadd
306	tests/amd/benchmarks/rodinia/myocyte/kernel_ecc_2.cu	_Z8solver_2iiPdS_S_S_S_S_S_S_S_	730	solver_2(int, int, double*, double*, double*, double*, double*, double*, double*, double*, double*)	1	fsub
307	tests/amd/benchmarks/rodinia/myocyte/kernel_ecc_2.cu	_Z8solver_2iiPdS_S_S_S_S_S_S_S_	742	solver_2(int, int, double*, double*, double*, double*, double*, double*, double*, double*, double*)	1	fadd
308	tests/amd/benchmarks/rodinia/myocyte/kernel_ecc_2.cu	_Z8solver_2iiPdS_S_S_S_S_S_S_S_	743	solver_2(int, int, double*, double*, double*, double*, double*, double*, double*, double*, double*)	1	fadd
309	tests/amd/benchmarks/rodinia/myocyte/kernel_ecc_2.cu	_Z8solver_2iiPdS_S_S_S_S_S_S_S_	745	solver_2(int, int, double*, double*, double*, double*, double*, double*, double*, double*, double*)	1	fdiv
310	tests/amd/benchmarks/rodinia/myocyte/kernel_ecc_2.cu	_Z8solver_2iiPdS_S_S_S_S_S_S_S_	746	solver_2(int, int, double*, double*, double*, double*, double*, double*, double*, double*, double*)	1	fadd
311	tests/amd/benchmarks/rodinia/myocyte/kernel_ecc_2.cu	_Z8solver_2iiPdS_S_S_S_S_S_S_S_	747	solver_2(int, int, double*, double*, double*, double*, double*, double*, double*, double*, double*)	1	fdiv
312	tests/amd/benchmarks/rodinia/myocyte/kernel_ecc_2.cu	_Z8solver_2iiPdS_S_S_S_S_S_S_S_	748	solver_2(int, int, double*, double*, double*, double*, double*, double*, double*, double*, double*)	1	fsub
313	tests/amd/benchmarks/rodinia/myocyte/kernel_ecc_2.cu	_Z8solver_2iiPdS_S_S_S_S_S_S_S_	749	solver_2(int, int, double*, double*, double*, double*, double*, double*, double*, double*, double*)	1	fsub
314	tests/amd/benchmarks/rodinia/myocyte/kernel_ecc_2.cu	_Z8solver_2iiPdS_S_S_S_S_S_S_S_	750	solver_2(int, int, double*, double*, double*, double*, double*, double*, double*, double*, double*)	1	fsub
315	tests/amd/benchmarks/rodinia/myocyte/kernel_ecc_2.cu	_Z8solver_2iiPdS_S_S_S_S_S_S_S_	754	solver_2(int, int, double*, double*, double*, double*, double*, double*, double*, double*, double*)	1	fmul
316	tests/amd/benchmarks/rodinia/myocyte/kernel_ecc_2.cu	_Z8solver_2iiPdS_S_S_S_S_S_S_S_	755	solver_2(int, int, double*, double*, double*, double*, double*, double*, double*, double*, double*)	1	fdiv
317	tests/amd/benchmarks/rodinia/myocyte/kernel_ecc_2.cu	_Z8solver_2iiPdS_S_S_S_S_S_S_S_	756	solver_2(int, int, double*, double*, double*, double*, double*, double*, double*, double*, double*)	1	fsub
318	tests/amd/benchmarks/rodinia/myocyte/kernel_ecc_2.cu	_Z8solver_2iiPdS_S_S_S_S_S_S_S_	757	solver_2(int, int, double*, double*, double*, double*, double*, double*, double*, double*, double*)	1	fsub
319	tests/amd/benchmarks/rodinia/myocyte/kernel_ecc_2.cu	_Z8solver_2iiPdS_S_S_S_S_S_S_S_	774	solver_2(int, int, double*, double*, double*, double*, double*, double*, double*, double*, double*)	1	fadd
320	tests/amd/benchmarks/rodinia/myocyte/kernel_ecc_2.cu	_Z8solver_2iiPdS_S_S_S_S_S_S_S_	775	solver_2(int, int, double*, double*, double*, double*, double*, double*, double*, double*, double*)	1	fsub
321	tests/amd/benchmarks/rodinia/myocyte/kernel_ecc_2.cu	_Z8solver_2iiPdS_S_S_S_S_S_S_S_	776	solver_2(int, int, double*, double*, double*, double*, double*, double*, double*, double*, double*)	1	fadd
322	tests/amd/benchmarks/rodinia/myocyte/kernel_ecc_2.cu	_Z8solver_2iiPdS_S_S_S_S_S_S_S_	777	solver_2(int, int, double*, double*, double*, double*, double*, double*, double*, double*, double*)	1	fmul
323	tests/amd/benchmarks/rodinia/myocyte/kernel_ecc_2.cu	_Z8solver_2iiPdS_S_S_S_S_S_S_S_	778	solver_2(int, int, double*, double*, double*, double*, double*, double*, double*, double*, double*)	1	fsub
324	tests/amd/benchmarks/rodinia/myocyte/kernel_ecc_2.cu	_Z8solver_2iiPdS_S_S_S_S_S_S_S_	779	solver_2(int, int, double*, double*, double*, double*, double*, double*, double*, double*, double*)	1	fsub
325	tests/amd/benchmarks/rodinia/myocyte/kernel_ecc_2.cu	_Z8solver_2iiPdS_S_S_S_S_S_S_S_	780	solver_2(int, int, double*, double*, double*, double*, double*, double*, double*, double*, double*)	1	fmul
326	tests/amd/benchmarks/rodinia/myocyte/kernel_ecc_2.cu	_Z8solver_2iiPdS_S_S_S_S_S_S_S_	781	solver_2(int, int, double*, double*, double*, double*, double*, double*, double*, double*, double*)	1	fmul
327	tests/amd/benchmarks/rodinia/myocyte/kernel_ecc_2.cu	_Z8solver_2iiPdS_S_S_S_S_S_S_S_	784	solver_2(int, int, double*, double*, double*, double*, double*, double*, double*, double*, double*)	1	fmul
328	tests/amd/benchmarks/rodinia/myocyte/kernel_ecc_2.cu	_Z8solver_2iiPdS_S_S_S_S_S_S_S_	785	solver_2(int, int, double*, double*, double*, double*, double*, double*, double*, double*, double*)	1	fmul
329	tests/amd/benchmarks/rodinia/myocyte/kernel_ecc_2.cu	_Z8solver_2iiPdS_S_S_S_S_S_S_S_	786	solver_2(int, int, double*, double*, double*, double*, double*, double*, double*, double*, double*)	1	fmul
330	tests/amd/benchmarks/rodinia/myocyte/kernel_ecc_2.cu	_Z8solver_2iiPdS_S_S_S_S_S_S_S_	787	solver_2(int, int, double*, double*, double*, double*, double*, double*, double*, double*, double*)	1	fmul
331	tests/amd/benchmarks/rodinia/myocyte/kernel_ecc_2.cu	_Z8solver_2iiPdS_S_S_S_S_S_S_S_	788	solver_2(int, int, double*, double*, double*, double*, double*, double*, double*, double*, double*)	1	fmul
332	tests/amd/benchmarks/rodinia/myocyte/kernel_ecc_2.cu	_Z8solver_2iiPdS_S_S_S_S_S_S_S_	789	solver_2(int, int, double*, double*, double*, double*, double*, double*, double*, double*, double*)	1	fmul
333	tests/amd/benchmarks/rodinia/myocyte/kernel_ecc_2.cu	_Z8solver_2iiPdS_S_S_S_S_S_S_S_	790	solver_2(int, int, double*, double*, double*, double*, double*, double*, double*, double*, double*)	1	fmul
334	tests/amd/benchmarks/rodinia/myocyte/kernel_ecc_2.cu	_Z8solver_2iiPdS_S_S_S_S_S_S_S_	791	solver_2(int, int, double*, double*, double*, double*, double*, double*, double*, double*, double*)	1	fadd
335	tests/amd/benchmarks/rodinia/myocyte/kernel_ecc_2.cu	_Z8solver_2iiPdS_S_S_S_S_S_S_S_	792	solver_2(int, int, double*, double*, double*, double*, double*, double*, double*, double*, double*)	1	fmul
336	tests/amd/benchmarks/rodinia/myocyte/kernel_ecc_2.cu	_Z8solver_2iiPdS_S_S_S_S_S_S_S_	794	solver_2(int, int, double*, double*, double*, double*, double*, double*, double*, double*, double*)	1	fmul
337	tests/amd/benchmarks/rodinia/myocyte/kernel_ecc_2.cu	_Z8solver_2iiPdS_S_S_S_S_S_S_S_	795	solver_2(int, int, double*, double*, double*, double*, double*, double*, double*, double*, double*)	1	fmul
338	tests/amd/benchmarks/rodinia/myocyte/kernel_ecc_2.cu	_Z8solver_2iiPdS_S_S_S_S_S_S_S_	800	solver_2(int, int, double*, double*, double*, double*, double*, double*, double*, double*, double*)	1	fdiv
339	tests/amd/benchmarks/rodinia/myocyte/kernel_ecc_2.cu	_Z8solver_2iiPdS_S_S_S_S_S_S_S_	801	solver_2(int, int, double*, double*, double*, double*, double*, double*, double*, double*, double*)	1	fdiv
340	tests/amd/benchmarks/rodinia/myocyte/kernel_ecc_2.cu	_Z8solver_2iiPdS_S_S_S_S_S_S_S_	802	solver_2(int, int, double*, double*, double*, double*, double*, double*, double*, double*, double*)	1	fmul
341	tests/amd/benchmarks/rodinia/myocyte/kernel_ecc_2.cu	_Z8solver_2iiPdS_S_S_S_S_S_S_S_	803	solver_2(int, int, double*, double*, double*, double*, double*, double*, double*, double*, double*)	1	fmul
342	tests/amd/benchmarks/rodinia/myocyte/kernel_ecc_2.cu	_Z8solver_2iiPdS_S_S_S_S_S_S_S_	804	solver_2(int, int, double*, double*, double*, double*, double*, double*, double*, double*, double*)	1	fmul
343	tests/amd/benchmarks/rodinia/myocyte/kernel_ecc_2.cu	_Z8solver_2iiPdS_S_S_S_S_S_S_S_	805	solver_2(int, int, double*, double*, double*, double*, double*, double*, double*, double*, double*)	1	fdiv
344	tests/amd/benchmarks/rodinia/myocyte/kernel_ecc_2.cu	_Z8solver_2iiPdS_S_S_S_S_S_S_S_	806	solver_2(int, int, double*, double*, double*, double*, double*, double*, double*, double*, double*)	1	fmul
345	tests/amd/benchmarks/rodinia/myocyte/kernel_ecc_2.cu	_Z8solver_2iiPdS_S_S_S_S_S_S_S_	807	solver_2(int, int, double*, double*, double*, double*, double*, double*, double*, double*, double*)	1	fdiv
346	tests/amd/benchmarks/rodinia/myocyte/kernel_ecc_2.cu	_Z8solver_2iiPdS_S_S_S_S_S_S_S_	808	solver_2(int, int, double*, double*, double*, double*, double*, double*, double*, double*, double*)	1	fmul
347	tests/amd/benchmarks/rodinia/myocyte/kernel_ecc_2.cu	_Z8solver_2iiPdS_S_S_S_S_S_S_S_	809	solver_2(int, int, double*, double*, double*, double*, double*, double*, double*, double*, double*)	1	fmul
348	tests/amd/benchmarks/rodinia/myocyte/kernel_ecc_2.cu	_Z8solver_2iiPdS_S_S_S_S_S_S_S_	810	solver_2(int, int, double*, double*, double*, double*, double*, double*, double*, double*, double*)	1	fadd
349	tests/amd/benchmarks/rodinia/myocyte/kernel_ecc_2.cu	_Z8solver_2iiPdS_S_S_S_S_S_S_S_	811	solver_2(int, int, double*, double*, double*, double*, double*, double*, double*, double*, double*)	1	fmul
350	/opt/rocm-7.2.4/lib/llvm/lib/clang/22/include/__clang_hip_math.h	_Z8solver_2iiPdS_S_S_S_S_S_S_S_	1025	solver_2(int, int, double*, double*, double*, double*, double*, double*, double*, double*, double*)	1	fsub
351	tests/amd/benchmarks/rodinia/myocyte/kernel_ecc_2.cu	_Z8solver_2iiPdS_S_S_S_S_S_S_S_	814	solver_2(int, int, double*, double*, double*, double*, double*, double*, double*, double*, double*)	1	fmul
352	tests/amd/benchmarks/rodinia/myocyte/kernel_ecc_2.cu	_Z8solver_2iiPdS_S_S_S_S_S_S_S_	815	solver_2(int, int, double*, double*, double*, double*, double*, double*, double*, double*, double*)	1	fmul
353	tests/amd/benchmarks/rodinia/myocyte/kernel_ecc_2.cu	_Z8solver_2iiPdS_S_S_S_S_S_S_S_	816	solver_2(int, int, double*, double*, double*, double*, double*, double*, double*, double*, double*)	1	fadd
354	tests/amd/benchmarks/rodinia/myocyte/kernel_ecc_2.cu	_Z8solver_2iiPdS_S_S_S_S_S_S_S_	817	solver_2(int, int, double*, double*, double*, double*, double*, double*, double*, double*, double*)	1	fmul
355	tests/amd/benchmarks/rodinia/myocyte/kernel_ecc_2.cu	_Z8solver_2iiPdS_S_S_S_S_S_S_S_	820	solver_2(int, int, double*, double*, double*, double*, double*, double*, double*, double*, double*)	1	fsub
356	tests/amd/benchmarks/rodinia/myocyte/kernel_ecc_2.cu	_Z8solver_2iiPdS_S_S_S_S_S_S_S_	821	solver_2(int, int, double*, double*, double*, double*, double*, double*, double*, double*, double*)	1	fsub
357	tests/amd/benchmarks/rodinia/myocyte/kernel_ecc_2.cu	_Z8solver_2iiPdS_S_S_S_S_S_S_S_	822	solver_2(int, int, double*, double*, double*, double*, double*, double*, double*, double*, double*)	1	fadd
358	tests/amd/benchmarks/rodinia/myocyte/kernel_ecc_2.cu	_Z8solver_2iiPdS_S_S_S_S_S_S_S_	823	solver_2(int, int, double*, double*, double*, double*, double*, double*, double*, double*, double*)	1	fmul
359	tests/amd/benchmarks/rodinia/myocyte/kernel_ecc_2.cu	_Z8solver_2iiPdS_S_S_S_S_S_S_S_	828	solver_2(int, int, double*, double*, double*, double*, double*, double*, double*, double*, double*)	1	fdiv
360	tests/amd/benchmarks/rodinia/myocyte/kernel_ecc_2.cu	_Z8solver_2iiPdS_S_S_S_S_S_S_S_	829	solver_2(int, int, double*, double*, double*, double*, double*, double*, double*, double*, double*)	1	fdiv
361	tests/amd/benchmarks/rodinia/myocyte/kernel_ecc_2.cu	_Z8solver_2iiPdS_S_S_S_S_S_S_S_	830	solver_2(int, int, double*, double*, double*, double*, double*, double*, double*, double*, double*)	1	fmul
362	tests/amd/benchmarks/rodinia/myocyte/kernel_ecc_2.cu	_Z8solver_2iiPdS_S_S_S_S_S_S_S_	831	solver_2(int, int, double*, double*, double*, double*, double*, double*, double*, double*, double*)	1	fsub
363	tests/amd/benchmarks/rodinia/myocyte/kernel_ecc_2.cu	_Z8solver_2iiPdS_S_S_S_S_S_S_S_	832	solver_2(int, int, double*, double*, double*, double*, double*, double*, double*, double*, double*)	1	fmul
364	tests/amd/benchmarks/rodinia/myocyte/kernel_ecc_2.cu	_Z8solver_2iiPdS_S_S_S_S_S_S_S_	833	solver_2(int, int, double*, double*, double*, double*, double*, double*, double*, double*, double*)	1	fmul
365	tests/amd/benchmarks/rodinia/myocyte/kernel_ecc_2.cu	_Z8solver_2iiPdS_S_S_S_S_S_S_S_	834	solver_2(int, int, double*, double*, double*, double*, double*, double*, double*, double*, double*)	1	fmul
366	tests/amd/benchmarks/rodinia/myocyte/kernel_ecc_2.cu	_Z8solver_2iiPdS_S_S_S_S_S_S_S_	835	solver_2(int, int, double*, double*, double*, double*, double*, double*, double*, double*, double*)	1	fmul
367	tests/amd/benchmarks/rodinia/myocyte/kernel_ecc_2.cu	_Z8solver_2iiPdS_S_S_S_S_S_S_S_	836	solver_2(int, int, double*, double*, double*, double*, double*, double*, double*, double*, double*)	1	fdiv
368	tests/amd/benchmarks/rodinia/myocyte/kernel_ecc_2.cu	_Z8solver_2iiPdS_S_S_S_S_S_S_S_	837	solver_2(int, int, double*, double*, double*, double*, double*, double*, double*, double*, double*)	1	fadd
369	tests/amd/benchmarks/rodinia/myocyte/kernel_ecc_2.cu	_Z8solver_2iiPdS_S_S_S_S_S_S_S_	838	solver_2(int, int, double*, double*, double*, double*, double*, double*, double*, double*, double*)	1	fmul
370	tests/amd/benchmarks/rodinia/myocyte/kernel_ecc_2.cu	_Z8solver_2iiPdS_S_S_S_S_S_S_S_	841	solver_2(int, int, double*, double*, double*, double*, double*, double*, double*, double*, double*)	1	fmul
371	tests/amd/benchmarks/rodinia/myocyte/kernel_ecc_2.cu	_Z8solver_2iiPdS_S_S_S_S_S_S_S_	842	solver_2(int, int, double*, double*, double*, double*, double*, double*, double*, double*, double*)	1	fmul
372	tests/amd/benchmarks/rodinia/myocyte/kernel_ecc_2.cu	_Z8solver_2iiPdS_S_S_S_S_S_S_S_	845	solver_2(int, int, double*, double*, double*, double*, double*, double*, double*, double*, double*)	1	fmul
373	tests/amd/benchmarks/rodinia/myocyte/kernel_ecc_2.cu	_Z8solver_2iiPdS_S_S_S_S_S_S_S_	846	solver_2(int, int, double*, double*, double*, double*, double*, double*, double*, double*, double*)	1	fmul
374	tests/amd/benchmarks/rodinia/myocyte/kernel_ecc_2.cu	_Z8solver_2iiPdS_S_S_S_S_S_S_S_	847	solver_2(int, int, double*, double*, double*, double*, double*, double*, double*, double*, double*)	1	fmul
375	tests/amd/benchmarks/rodinia/myocyte/kernel_ecc_2.cu	_Z8solver_2iiPdS_S_S_S_S_S_S_S_	849	solver_2(int, int, double*, double*, double*, double*, double*, double*, double*, double*, double*)	1	fmul
376	tests/amd/benchmarks/rodinia/myocyte/kernel_ecc_2.cu	_Z8solver_2iiPdS_S_S_S_S_S_S_S_	850	solver_2(int, int, double*, double*, double*, double*, double*, double*, double*, double*, double*)	1	fmul
377	tests/amd/benchmarks/rodinia/myocyte/kernel_ecc_2.cu	_Z8solver_2iiPdS_S_S_S_S_S_S_S_	851	solver_2(int, int, double*, double*, double*, double*, double*, double*, double*, double*, double*)	1	fmul
378	tests/amd/benchmarks/rodinia/myocyte/kernel_ecc_2.cu	_Z8solver_2iiPdS_S_S_S_S_S_S_S_	852	solver_2(int, int, double*, double*, double*, double*, double*, double*, double*, double*, double*)	1	fadd
379	tests/amd/benchmarks/rodinia/myocyte/kernel_ecc_2.cu	_Z8solver_2iiPdS_S_S_S_S_S_S_S_	855	solver_2(int, int, double*, double*, double*, double*, double*, double*, double*, double*, double*)	1	fmul
380	tests/amd/benchmarks/rodinia/myocyte/kernel_ecc_2.cu	_Z8solver_2iiPdS_S_S_S_S_S_S_S_	856	solver_2(int, int, double*, double*, double*, double*, double*, double*, double*, double*, double*)	1	fmul
381	tests/amd/benchmarks/rodinia/myocyte/kernel_ecc_2.cu	_Z8solver_2iiPdS_S_S_S_S_S_S_S_	857	solver_2(int, int, double*, double*, double*, double*, double*, double*, double*, double*, double*)	1	fsub
382	tests/amd/benchmarks/rodinia/myocyte/kernel_ecc_2.cu	_Z8solver_2iiPdS_S_S_S_S_S_S_S_	858	solver_2(int, int, double*, double*, double*, double*, double*, double*, double*, double*, double*)	1	fsub
383	tests/amd/benchmarks/rodinia/myocyte/kernel_ecc_2.cu	_Z8solver_2iiPdS_S_S_S_S_S_S_S_	859	solver_2(int, int, double*, double*, double*, double*, double*, double*, double*, double*, double*)	1	fadd
384	tests/amd/benchmarks/rodinia/myocyte/kernel_ecc_2.cu	_Z8solver_2iiPdS_S_S_S_S_S_S_S_	860	solver_2(int, int, double*, double*, double*, double*, double*, double*, double*, double*, double*)	1	fadd
385	tests/amd/benchmarks/rodinia/myocyte/kernel_ecc_2.cu	_Z8solver_2iiPdS_S_S_S_S_S_S_S_	863	solver_2(int, int, double*, double*, double*, double*, double*, double*, double*, double*, double*)	1	fmul
386	tests/amd/benchmarks/rodinia/myocyte/kernel_ecc_2.cu	_Z8solver_2iiPdS_S_S_S_S_S_S_S_	865	solver_2(int, int, double*, double*, double*, double*, double*, double*, double*, double*, double*)	1	fmul
387	tests/amd/benchmarks/rodinia/myocyte/kernel_ecc_2.cu	_Z8solver_2iiPdS_S_S_S_S_S_S_S_	868	solver_2(int, int, double*, double*, double*, double*, double*, double*, double*, double*, double*)	1	fadd
388	tests/amd/benchmarks/rodinia/myocyte/kernel_ecc_2.cu	_Z8solver_2iiPdS_S_S_S_S_S_S_S_	869	solver_2(int, int, double*, double*, double*, double*, double*, double*, double*, double*, double*)	1	fadd
389	tests/amd/benchmarks/rodinia/myocyte/kernel_ecc_2.cu	_Z8solver_2iiPdS_S_S_S_S_S_S_S_	870	solver_2(int, int, double*, double*, double*, double*, double*, double*, double*, double*, double*)	1	fmul
390	tests/amd/benchmarks/rodinia/myocyte/kernel_ecc_2.cu	_Z8solver_2iiPdS_S_S_S_S_S_S_S_	872	solver_2(int, int, double*, double*, double*, double*, double*, double*, double*, double*, double*)	1	fmul
391	tests/amd/benchmarks/rodinia/myocyte/kernel_ecc_2.cu	_Z8solver_2iiPdS_S_S_S_S_S_S_S_	873	solver_2(int, int, double*, double*, double*, double*, double*, double*, double*, double*, double*)	1	fsub
392	tests/amd/benchmarks/rodinia/myocyte/kernel_ecc_2.cu	_Z8solver_2iiPdS_S_S_S_S_S_S_S_	880	solver_2(int, int, double*, double*, double*, double*, double*, double*, double*, double*, double*)	1	fadd
393	tests/amd/benchmarks/rodinia/myocyte/kernel_ecc_2.cu	_Z8solver_2iiPdS_S_S_S_S_S_S_S_	881	solver_2(int, int, double*, double*, double*, double*, double*, double*, double*, double*, double*)	1	fadd
394	tests/amd/benchmarks/rodinia/myocyte/kernel_ecc_2.cu	_Z8solver_2iiPdS_S_S_S_S_S_S_S_	882	solver_2(int, int, double*, double*, double*, double*, double*, double*, double*, double*, double*)	1	fmul
395	tests/amd/benchmarks/rodinia/myocyte/kernel_ecc_2.cu	_Z8solver_2iiPdS_S_S_S_S_S_S_S_	883	solver_2(int, int, double*, double*, double*, double*, double*, double*, double*, double*, double*)	1	fsub
396	tests/amd/benchmarks/rodinia/myocyte/kernel_ecc_2.cu	_Z8solver_2iiPdS_S_S_S_S_S_S_S_	884	solver_2(int, int, double*, double*, double*, double*, double*, double*, double*, double*, double*)	1	fmul
397	tests/amd/benchmarks/rodinia/myocyte/kernel_ecc_2.cu	_Z8solver_2iiPdS_S_S_S_S_S_S_S_	885	solver_2(int, int, double*, double*, double*, double*, double*, double*, double*, double*, double*)	1	fsub
398	tests/amd/benchmarks/rodinia/myocyte/kernel_ecc_2.cu	_Z8solver_2iiPdS_S_S_S_S_S_S_S_	886	solver_2(int, int, double*, double*, double*, double*, double*, double*, double*, double*, double*)	1	fsub
399	tests/amd/benchmarks/rodinia/myocyte/kernel_ecc_2.cu	_Z8solver_2iiPdS_S_S_S_S_S_S_S_	585	solver_2(int, int, double*, double*, double*, double*, double*, double*, double*, double*, double*)	1	fdiv
400	tests/amd/benchmarks/rodinia/myocyte/kernel_ecc_2.cu	_Z8solver_2iiPdS_S_S_S_S_S_S_S_	720	solver_2(int, int, double*, double*, double*, double*, double*, double*, double*, double*, double*)	1	fsub
401	tests/amd/benchmarks/rodinia/myocyte/kernel_ecc_2.cu	_Z8solver_2iiPdS_S_S_S_S_S_S_S_	763	solver_2(int, int, double*, double*, double*, double*, double*, double*, double*, double*, double*)	1	fadd
402	tests/amd/benchmarks/rodinia/myocyte/kernel_ecc_2.cu	_Z8solver_2iiPdS_S_S_S_S_S_S_S_	762	solver_2(int, int, double*, double*, double*, double*, double*, double*, double*, double*, double*)	1	fadd
403	tests/amd/benchmarks/rodinia/myocyte/kernel_ecc_2.cu	_Z8solver_2iiPdS_S_S_S_S_S_S_S_	736	solver_2(int, int, double*, double*, double*, double*, double*, double*, double*, double*, double*)	1	fdiv
404	tests/amd/benchmarks/rodinia/myocyte/kernel_ecc_2.cu	_Z8solver_2iiPdS_S_S_S_S_S_S_S_	727	solver_2(int, int, double*, double*, double*, double*, double*, double*, double*, double*, double*)	1	fmul
405	/opt/rocm-7.2.4/lib/llvm/lib/clang/22/include/__clang_hip_math.h	_Z8solver_2iiPdS_S_S_S_S_S_S_S_	928	solver_2(int, int, double*, double*, double*, double*, double*, double*, double*, double*, double*)	1	fsub
406	tests/amd/benchmarks/rodinia/myocyte/kernel_ecc_2.cu	_Z8solver_2iiPdS_S_S_S_S_S_S_S_	724	solver_2(int, int, double*, double*, double*, double*, double*, double*, double*, double*, double*)	1	fsub
407	tests/amd/benchmarks/rodinia/myocyte/kernel_ecc_2.cu	_Z8solver_2iiPdS_S_S_S_S_S_S_S_	726	solver_2(int, int, double*, double*, double*, double*, double*, double*, double*, double*, double*)	1	fadd
408	tests/amd/benchmarks/rodinia/myocyte/kernel_ecc_2.cu	_Z8solver_2iiPdS_S_S_S_S_S_S_S_	723	solver_2(int, int, double*, double*, double*, double*, double*, double*, double*, double*, double*)	1	fsub
409	tests/amd/benchmarks/rodinia/myocyte/kernel_ecc_2.cu	_Z8solver_2iiPdS_S_S_S_S_S_S_S_	725	solver_2(int, int, double*, double*, double*, double*, double*, double*, double*, double*, double*)	1	fadd
410	tests/amd/benchmarks/rodinia/myocyte/kernel_ecc_2.cu	_Z8solver_2iiPdS_S_S_S_S_S_S_S_	719	solver_2(int, int, double*, double*, double*, double*, double*, double*, double*, double*, double*)	1	fadd
411	tests/amd/benchmarks/rodinia/myocyte/kernel_ecc_2.cu	_Z8solver_2iiPdS_S_S_S_S_S_S_S_	751	solver_2(int, int, double*, double*, double*, double*, double*, double*, double*, double*, double*)	1	fmul
412	tests/amd/benchmarks/rodinia/myocyte/kernel_ecc_2.cu	_Z8solver_2iiPdS_S_S_S_S_S_S_S_	758	solver_2(int, int, double*, double*, double*, double*, double*, double*, double*, double*, double*)	1	fmul
413	tests/amd/benchmarks/rodinia/myocyte/kernel_ecc_2.cu	_Z8solver_2iiPdS_S_S_S_S_S_S_S_	759	solver_2(int, int, double*, double*, double*, double*, double*, double*, double*, double*, double*)	1	fadd
414	tests/amd/benchmarks/rodinia/myocyte/kernel_ecc_2.cu	_Z8solver_2iiPdS_S_S_S_S_S_S_S_	876	solver_2(int, int, double*, double*, double*, double*, double*, double*, double*, double*, double*)	1	fadd
415	tests/amd/benchmarks/rodinia/myocyte/kernel_ecc_2.cu	_Z8solver_2iiPdS_S_S_S_S_S_S_S_	731	solver_2(int, int, double*, double*, double*, double*, double*, double*, double*, double*, double*)	1	fmul
416	tests/amd/benchmarks/rodinia/myocyte/kernel_ecc_2.cu	_Z8solver_2iiPdS_S_S_S_S_S_S_S_	732	solver_2(int, int, double*, double*, double*, double*, double*, double*, double*, double*, double*)	1	fmul
417	tests/amd/benchmarks/rodinia/myocyte/kernel_ecc_2.cu	_Z8solver_2iiPdS_S_S_S_S_S_S_S_	733	solver_2(int, int, double*, double*, double*, double*, double*, double*, double*, double*, double*)	1	fadd
418	tests/amd/benchmarks/rodinia/myocyte/kernel_ecc_2.cu	_Z8solver_2iiPdS_S_S_S_S_S_S_S_	764	solver_2(int, int, double*, double*, double*, double*, double*, double*, double*, double*, double*)	1	fadd
419	tests/amd/benchmarks/rodinia/myocyte/kernel_ecc_2.cu	_Z8solver_2iiPdS_S_S_S_S_S_S_S_	765	solver_2(int, int, double*, double*, double*, double*, double*, double*, double*, double*, double*)	1	fmul
420	tests/amd/benchmarks/rodinia/myocyte/kernel_ecc_2.cu	_Z8solver_2iiPdS_S_S_S_S_S_S_S_	712	solver_2(int, int, double*, double*, double*, double*, double*, double*, double*, double*, double*)	1	fadd
421	tests/amd/benchmarks/rodinia/myocyte/kernel_ecc_2.cu	_Z8solver_2iiPdS_S_S_S_S_S_S_S_	793	solver_2(int, int, double*, double*, double*, double*, double*, double*, double*, double*, double*)	1	fmul
422	tests/amd/benchmarks/rodinia/myocyte/kernel_ecc_2.cu	_Z8solver_2iiPdS_S_S_S_S_S_S_S_	737	solver_2(int, int, double*, double*, double*, double*, double*, double*, double*, double*, double*)	1	fmul
423	tests/amd/benchmarks/rodinia/myocyte/kernel_ecc_2.cu	_Z8solver_2iiPdS_S_S_S_S_S_S_S_	738	solver_2(int, int, double*, double*, double*, double*, double*, double*, double*, double*, double*)	1	fmul
424	tests/amd/benchmarks/rodinia/myocyte/kernel_ecc_2.cu	_Z8solver_2iiPdS_S_S_S_S_S_S_S_	739	solver_2(int, int, double*, double*, double*, double*, double*, double*, double*, double*, double*)	1	fadd
425	tests/amd/benchmarks/rodinia/myocyte/kernel_ecc_2.cu	_Z8solver_2iiPdS_S_S_S_S_S_S_S_	768	solver_2(int, int, double*, double*, double*, double*, double*, double*, double*, double*, double*)	1	fadd
426	tests/amd/benchmarks/rodinia/myocyte/kernel_ecc_2.cu	_Z8solver_2iiPdS_S_S_S_S_S_S_S_	771	solver_2(int, int, double*, double*, double*, double*, double*, double*, double*, double*, double*)	1	fmul
427	tests/amd/benchmarks/rodinia/myocyte/kernel_ecc_2.cu	_Z8solver_2iiPdS_S_S_S_S_S_S_S_	769	solver_2(int, int, double*, double*, double*, double*, double*, double*, double*, double*, double*)	1	fdiv
428	tests/amd/benchmarks/rodinia/myocyte/kernel_ecc_2.cu	_Z8solver_2iiPdS_S_S_S_S_S_S_S_	770	solver_2(int, int, double*, double*, double*, double*, double*, double*, double*, double*, double*)	1	fadd
429	tests/amd/benchmarks/rodinia/myocyte/kernel_ecc_2.cu	_Z8solver_2iiPdS_S_S_S_S_S_S_S_	921	solver_2(int, int, double*, double*, double*, double*, double*, double*, double*, double*, double*)	1	fadd
430	tests/amd/benchmarks/rodinia/myocyte/kernel_ecc_2.cu	_Z8solver_2iiPdS_S_S_S_S_S_S_S_	922	solver_2(int, int, double*, double*, double*, double*, double*, double*, double*, double*, double*)	1	fadd
431	tests/amd/benchmarks/rodinia/myocyte/kernel_ecc_2.cu	_Z8solver_2iiPdS_S_S_S_S_S_S_S_	923	solver_2(int, int, double*, double*, double*, double*, double*, double*, double*, double*, double*)	1	fadd
432	tests/amd/benchmarks/rodinia/myocyte/kernel_ecc_2.cu	_Z8solver_2iiPdS_S_S_S_S_S_S_S_	924	solver_2(int, int, double*, double*, double*, double*, double*, double*, double*, double*, double*)	1	fadd
433	tests/amd/benchmarks/rodinia/myocyte/kernel_ecc_2.cu	_Z8solver_2iiPdS_S_S_S_S_S_S_S_	925	solver_2(int, int, double*, double*, double*, double*, double*, double*, double*, double*, double*)	1	fsub
434	tests/amd/benchmarks/rodinia/myocyte/kernel_2.cu	_Z8solver_2iiPdS_S_S_S_S_S_S_S_	73	solver_2(int, int, double*, double*, double*, double*, double*, double*, double*, double*, double*)	1	fmul
435	tests/amd/benchmarks/rodinia/myocyte/kernel_2.cu	_Z8solver_2iiPdS_S_S_S_S_S_S_S_	86	solver_2(int, int, double*, double*, double*, double*, double*, double*, double*, double*, double*)	1	fmul
436	tests/amd/benchmarks/rodinia/myocyte/kernel_2.cu	_Z8solver_2iiPdS_S_S_S_S_S_S_S_	99	solver_2(int, int, double*, double*, double*, double*, double*, double*, double*, double*, double*)	1	fmul
437	tests/amd/benchmarks/rodinia/myocyte/kernel_fin_2.cu	_Z8solver_2iiPdS_S_S_S_S_S_S_S_	52	solver_2(int, int, double*, double*, double*, double*, double*, double*, double*, double*, double*)	1	fmul
438	tests/amd/benchmarks/rodinia/myocyte/kernel_fin_2.cu	_Z8solver_2iiPdS_S_S_S_S_S_S_S_	53	solver_2(int, int, double*, double*, double*, double*, double*, double*, double*, double*, double*)	1	fmul
439	tests/amd/benchmarks/rodinia/myocyte/kernel_fin_2.cu	_Z8solver_2iiPdS_S_S_S_S_S_S_S_	54	solver_2(int, int, double*, double*, double*, double*, double*, double*, double*, double*, double*)	1	fmul
440	tests/amd/benchmarks/rodinia/myocyte/kernel_fin_2.cu	_Z8solver_2iiPdS_S_S_S_S_S_S_S_	69	solver_2(int, int, double*, double*, double*, double*, double*, double*, double*, double*, double*)	1	fadd
441	tests/amd/benchmarks/rodinia/myocyte/kernel_fin_2.cu	_Z8solver_2iiPdS_S_S_S_S_S_S_S_	70	solver_2(int, int, double*, double*, double*, double*, double*, double*, double*, double*, double*)	1	fadd
442	tests/amd/benchmarks/rodinia/myocyte/kernel_fin_2.cu	_Z8solver_2iiPdS_S_S_S_S_S_S_S_	71	solver_2(int, int, double*, double*, double*, double*, double*, double*, double*, double*, double*)	1	fadd
443	tests/amd/benchmarks/rodinia/myocyte/kernel_fin_2.cu	_Z8solver_2iiPdS_S_S_S_S_S_S_S_	72	solver_2(int, int, double*, double*, double*, double*, double*, double*, double*, double*, double*)	1	fadd
444	tests/amd/benchmarks/rodinia/myocyte/kernel_fin_2.cu	_Z8solver_2iiPdS_S_S_S_S_S_S_S_	73	solver_2(int, int, double*, double*, double*, double*, double*, double*, double*, double*, double*)	1	fadd
445	tests/amd/benchmarks/rodinia/myocyte/kernel_fin_2.cu	_Z8solver_2iiPdS_S_S_S_S_S_S_S_	75	solver_2(int, int, double*, double*, double*, double*, double*, double*, double*, double*, double*)	1	fadd
446	tests/amd/benchmarks/rodinia/myocyte/kernel_fin_2.cu	_Z8solver_2iiPdS_S_S_S_S_S_S_S_	76	solver_2(int, int, double*, double*, double*, double*, double*, double*, double*, double*, double*)	1	fadd
447	tests/amd/benchmarks/rodinia/myocyte/kernel_fin_2.cu	_Z8solver_2iiPdS_S_S_S_S_S_S_S_	77	solver_2(int, int, double*, double*, double*, double*, double*, double*, double*, double*, double*)	1	fadd
448	tests/amd/benchmarks/rodinia/myocyte/kernel_fin_2.cu	_Z8solver_2iiPdS_S_S_S_S_S_S_S_	74	solver_2(int, int, double*, double*, double*, double*, double*, double*, double*, double*, double*)	1	fmul
449	tests/amd/benchmarks/rodinia/myocyte/kernel_fin_2.cu	_Z8solver_2iiPdS_S_S_S_S_S_S_S_	78	solver_2(int, int, double*, double*, double*, double*, double*, double*, double*, double*, double*)	1	fadd
450	tests/amd/benchmarks/rodinia/myocyte/kernel_fin_2.cu	_Z8solver_2iiPdS_S_S_S_S_S_S_S_	79	solver_2(int, int, double*, double*, double*, double*, double*, double*, double*, double*, double*)	1	fadd
451	tests/amd/benchmarks/rodinia/myocyte/kernel_fin_2.cu	_Z8solver_2iiPdS_S_S_S_S_S_S_S_	80	solver_2(int, int, double*, double*, double*, double*, double*, double*, double*, double*, double*)	1	fadd
452	tests/amd/benchmarks/rodinia/myocyte/kernel_fin_2.cu	_Z8solver_2iiPdS_S_S_S_S_S_S_S_	81	solver_2(int, int, double*, double*, double*, double*, double*, double*, double*, double*, double*)	1	fsub
453	tests/amd/benchmarks/rodinia/myocyte/kernel_fin_2.cu	_Z8solver_2iiPdS_S_S_S_S_S_S_S_	82	solver_2(int, int, double*, double*, double*, double*, double*, double*, double*, double*, double*)	1	fmul
454	tests/amd/benchmarks/rodinia/myocyte/kernel_fin_2.cu	_Z8solver_2iiPdS_S_S_S_S_S_S_S_	83	solver_2(int, int, double*, double*, double*, double*, double*, double*, double*, double*, double*)	1	fmul
455	tests/amd/benchmarks/rodinia/myocyte/kernel_fin_2.cu	_Z8solver_2iiPdS_S_S_S_S_S_S_S_	84	solver_2(int, int, double*, double*, double*, double*, double*, double*, double*, double*, double*)	1	fmul
456	tests/amd/benchmarks/rodinia/myocyte/kernel_fin_2.cu	_Z8solver_2iiPdS_S_S_S_S_S_S_S_	86	solver_2(int, int, double*, double*, double*, double*, double*, double*, double*, double*, double*)	1	fsub
457	tests/amd/benchmarks/rodinia/myocyte/kernel_fin_2.cu	_Z8solver_2iiPdS_S_S_S_S_S_S_S_	87	solver_2(int, int, double*, double*, double*, double*, double*, double*, double*, double*, double*)	1	fsub
458	tests/amd/benchmarks/rodinia/myocyte/kernel_fin_2.cu	_Z8solver_2iiPdS_S_S_S_S_S_S_S_	88	solver_2(int, int, double*, double*, double*, double*, double*, double*, double*, double*, double*)	1	fsub
459	tests/amd/benchmarks/rodinia/myocyte/kernel_fin_2.cu	_Z8solver_2iiPdS_S_S_S_S_S_S_S_	91	solver_2(int, int, double*, double*, double*, double*, double*, double*, double*, double*, double*)	1	fsub
460	tests/amd/benchmarks/rodinia/myocyte/kernel_fin_2.cu	_Z8solver_2iiPdS_S_S_S_S_S_S_S_	92	solver_2(int, int, double*, double*, double*, double*, double*, double*, double*, double*, double*)	1	fsub
461	tests/amd/benchmarks/rodinia/myocyte/kernel_fin_2.cu	_Z8solver_2iiPdS_S_S_S_S_S_S_S_	93	solver_2(int, int, double*, double*, double*, double*, double*, double*, double*, double*, double*)	1	fsub
462	tests/amd/benchmarks/rodinia/myocyte/kernel_fin_2.cu	_Z8solver_2iiPdS_S_S_S_S_S_S_S_	96	solver_2(int, int, double*, double*, double*, double*, double*, double*, double*, double*, double*)	1	fmul
463	tests/amd/benchmarks/rodinia/myocyte/kernel_fin_2.cu	_Z8solver_2iiPdS_S_S_S_S_S_S_S_	97	solver_2(int, int, double*, double*, double*, double*, double*, double*, double*, double*, double*)	1	fmul
464	tests/amd/benchmarks/rodinia/myocyte/kernel_fin_2.cu	_Z8solver_2iiPdS_S_S_S_S_S_S_S_	98	solver_2(int, int, double*, double*, double*, double*, double*, double*, double*, double*, double*)	1	fmul
465	tests/amd/benchmarks/rodinia/myocyte/kernel_fin_2.cu	_Z8solver_2iiPdS_S_S_S_S_S_S_S_	101	solver_2(int, int, double*, double*, double*, double*, double*, double*, double*, double*, double*)	1	fdiv
466	tests/amd/benchmarks/rodinia/myocyte/kernel_fin_2.cu	_Z8solver_2iiPdS_S_S_S_S_S_S_S_	102	solver_2(int, int, double*, double*, double*, double*, double*, double*, double*, double*, double*)	1	fdiv
467	tests/amd/benchmarks/rodinia/myocyte/kernel_fin_2.cu	_Z8solver_2iiPdS_S_S_S_S_S_S_S_	103	solver_2(int, int, double*, double*, double*, double*, double*, double*, double*, double*, double*)	1	fdiv
468	tests/amd/benchmarks/rodinia/myocyte/embedded_fehlberg_7_8_2.cu	_Z8solver_2iiPdS_S_S_S_S_S_S_S_	374	solver_2(int, int, double*, double*, double*, double*, double*, double*, double*, double*, double*)	1	fadd
469	tests/amd/benchmarks/rodinia/myocyte/embedded_fehlberg_7_8_2.cu	_Z8solver_2iiPdS_S_S_S_S_S_S_S_	390	solver_2(int, int, double*, double*, double*, double*, double*, double*, double*, double*, double*)	1	fadd
470	tests/amd/benchmarks/rodinia/myocyte/solver_2.cu	_Z8solver_2iiPdS_S_S_S_S_S_S_S_	196	solver_2(int, int, double*, double*, double*, double*, double*, double*, double*, double*, double*)	1	fmul
471	tests/amd/benchmarks/rodinia/myocyte/solver_2.cu	_Z8solver_2iiPdS_S_S_S_S_S_S_S_	208	solver_2(int, int, double*, double*, double*, double*, double*, double*, double*, double*, double*)	1	fmul
472	tests/amd/benchmarks/rodinia/myocyte/solver_2.cu	_Z8solver_2iiPdS_S_S_S_S_S_S_S_	221	solver_2(int, int, double*, double*, double*, double*, double*, double*, double*, double*, double*)	1	fmul
473	tests/amd/benchmarks/rodinia/myocyte/solver_2.cu	_Z8solver_2iiPdS_S_S_S_S_S_S_S_	229	solver_2(int, int, double*, double*, double*, double*, double*, double*, double*, double*, double*)	1	fadd
474	tests/amd/benchmarks/rodinia/myocyte/solver_2.cu	_Z8solver_2iiPdS_S_S_S_S_S_S_S_	230	solver_2(int, int, double*, double*, double*, double*, double*, double*, double*, double*, double*)	1	fsub
475	tests/amd/benchmarks/rodinia/myocyte/solver_2.cu	_Z8solver_2iiPdS_S_S_S_S_S_S_S_	234	solver_2(int, int, double*, double*, double*, double*, double*, double*, double*, double*, double*)	1	fmul
476	tests/amd/benchmarks/rodinia/myocyte/solver_2.cu	_Z8solver_2iiPdS_S_S_S_S_S_S_S_	244	solver_2(int, int, double*, double*, double*, double*, double*, double*, double*, double*, double*)	1	fadd
